Brand,Sub-Collection,Variant / Name,Reference No.
Rolex,Datejust 36,Bright Black – Jubilee,126234
Rolex,Datejust 36,Bright Blue – Jubilee,126234
Rolex,Datejust 36,Silver – Jubilee,126234
Rolex,Datejust 36,Silver – Oyster,126234
Rolex,Datejust 36,Bright Black – Oyster,126234
Rolex,Datejust 36,Bright Blue – Oyster,126234
Rolex,Datejust 36,Mother of Pearl Diamond – Jubilee,126234
Rolex,Datejust 36,Mother of Pearl Diamond – Oyster,126234
Rolex,Datejust 36,Aubergine Roman Diamond – Jubilee,126234
Rolex,Datejust 36,Aubergine Roman Diamond – Oyster,126234
Audemars Piguet,Royal Oak Offshore Chrono 44mm,Grey – Titanium,26400IO.OO.A004CA.02
Audemars Piguet,Royal Oak Offshore Chrono 44mm,Black – Rose Gold,26401RO.OO.A002CA.02
Audemars Piguet,Royal Oak Offshore Chrono 44mm,Green Camo – Steel,26400SO.OO.A055CA.01
Audemars Piguet,Royal Oak Offshore Chrono 44mm,Beige Camo – Steel,26400SO.OO.A054CA.01
Audemars Piguet,Royal Oak Offshore Diver 42mm,Blue Dial,15720ST.OO.A027CA.01
Audemars Piguet,Royal Oak Offshore Diver 42mm,Khaki Green Dial,15720ST.OO.A052CA.01
Patek Philippe,Nautilus 5740 Perpetual Calendar,White Gold – Blue Dial,5740/1G-001
Patek Philippe,Nautilus 5990 Travel Time Chronograph,Steel – Blue Dial,5990/1A-011
Patek Philippe,Nautilus 5990 Travel Time Chronograph,Rose Gold – Blue Dial,5990/1R-001
Patek Philippe,Nautilus 7118,Steel – Blue Dial,7118/1A-001
Patek Philippe,Nautilus 7118,Rose Gold – Silvery Opaline,7118/1R-001
Patek Philippe,Aquanaut 5167,Rose Gold – Brown Dial,5167R-001
Patek Philippe,Aquanaut 5164 Travel Time,White Gold – Blue-Grey,5164G-001
Patek Philippe,Aquanaut 5168,White Gold – Blue,5168G-001
Patek Philippe,Flyback Chronograph Annual Calendar 5905,Steel – Olive Green,5905/1A-001
Richard Mille,RM 067,Extra Flat Automatic – RM 67-02,RM 67-02
Richard Mille,RM 072,Lifestyle Flyback Chronograph,RM 72-01
Richard Mille,RM 030,Automatic with Declutchable Rotor,RM 30-01
Richard Mille,RM 007,Automatic Winding,RM 07-01
Richard Mille,RM 007,Automatic Sport,RM 07-04
Richard Mille,RM 037,Automatic Winding,RM 037
Richard Mille,RM 027,Flying Tourbillon Rafael Nadal,RM 27-05
Richard Mille,RM 033,Automatic Winding,RM 33-03
Richard Mille,RM 063,Automatic Worldtimer,RM 63-02
Richard Mille,RM 065,Automatic Split-Seconds Chronograph,RM 65-01
Richard Mille,RM 043,Tourbillon Split-Seconds Chronograph Ferrari,RM 43-01
Richard Mille,RM 016,Automatic Extraflat,RM 16-02
Richard Mille,RM UP-01,Ferrari Ultraflat,RM UP-01
Cartier,Santos de Cartier Large,Steel – Brown Dial,WSSA0064
Cartier,Santos de Cartier Large,Steel – Blue Dial,WSSA0071
Cartier,Santos de Cartier Large,Yellow Gold – Skeleton,WHSA0042
Cartier,Santos de Cartier Large,Yellow Gold – Gold Dial,WGSA0095
Cartier,Santos de Cartier Large,Steel & Yellow Gold – Grey Dial,W2SA0030
Cartier,Santos de Cartier Medium,Steel – Blue Dial,WSSA0063
Cartier,Santos de Cartier Medium,Steel – Brown Dial,WSSA0065
Cartier,Tank Louis Cartier,Yellow Gold – Red Dial,WGTA0190
Cartier,Tank Louis Cartier,Yellow Gold – Green Dial,WGTA0191
Cartier,Tank Américaine,Steel – Silver Dial,WSTA0083
Cartier,Tank Française Medium,Steel – Diamond Bezel,W4TA0028
Cartier,Tank Française Medium,Steel – Silver Dial,WSTA0105
Cartier,Ballon Bleu 33mm,Steel – Diamond Bezel,W4BB0035
Cartier,Ballon Bleu 33mm,"Steel – Pink Dial, Diamond Bezel",W4BB0037
Cartier,Ballon Bleu 33mm,Steel – Pink Dial,WSBB0068
Cartier,Ballon Bleu 36mm,Steel – Diamond Bezel,W4BB0036
Cartier,Panthère de Cartier Small,Yellow Gold – Diamonds,WJPN0057
Cartier,Panthère de Cartier Small,Rose Gold – Diamonds,WJPN0061
Cartier,Panthère de Cartier Small,Rose Gold – Diamond Dial,WJPN0062
Cartier,Panthère de Cartier Medium,Yellow Gold – Diamonds,WJPN0060
Cartier,Tank Must Small,Steel – Silver Dial,WSTA0042
Cartier,Tank Must Small,Steel Bracelet – Silver Dial,WSTA0051
Cartier,Tank Must Small,Steel – Diamond Bezel,W4TA0016
Cartier,Tank Must XL,Steel – Silver Dial,WSTA0040
Cartier,Tank Française Small,Steel – Silver Dial,WSTA0065
Cartier,Ballon Bleu 28mm,Steel – Diamond Bezel,W4BB0034
