,,,
Rolex (143)  ·  Audemars Piguet (83)  ·  Patek Philippe (29)  ·  Richard Mille (4)  ·  Cartier (33)  ·  Total: 292 pieces,,,
Brand,Sub-Collection,Variant / Name,Reference No.
  ROLEX,,,
Rolex,GMT-Master II,Batman – Jubilee,126710BLNR
Rolex,GMT-Master II,Batgirl – Oyster,126710BLNR
Rolex,GMT-Master II,Sprite – Jubilee,126720VTNR
Rolex,GMT-Master II,Sprite – Oyster,126720VTNR
Rolex,GMT-Master II,Pepsi – Jubilee,126710BLRO
Rolex,GMT-Master II,Pepsi – Oyster,126710BLRO
Rolex,GMT-Master II,White Gold Pepsi – Meteorite Dial,126719BLRO
Rolex,GMT-Master II,White Gold Pepsi – Blue Dial,126719BLRO
Rolex,GMT-Master II,Bruce Wayne – Jubilee,126710GRNR
Rolex,GMT-Master II,Bruce Wayne – Oyster,126710GRNR
Rolex,GMT-Master II,Zombie,126713GRNR
Rolex,GMT-Master II,Full Yellow Gold Zombie,126718GRNR
Rolex,GMT-Master II,Rootbeer,126711CHNR
Rolex,GMT-Master II,Full Rose Gold Rootbeer,126715CHNR
Rolex,Submariner Date,Starbucks (GMT filter),126610LV
Rolex,Daytona,Steel & Gold – Champagne Dial,126503
Rolex,Daytona,Steel & Gold – Black Dial,126503
Rolex,Daytona,Panda,126500LN
Rolex,Daytona,Reverse Panda,126500LN
Rolex,Daytona,White Gold – Ghost,126519LN
Rolex,Daytona,Platinum – Blue Dial,126506
Rolex,Daytona,Platinum – Baguette Blue Dial,126506
Rolex,Daytona,Yellow Gold – John Mayer,126508
Rolex,Daytona,Yellow Gold – Pikachu,126508
Rolex,Daytona,Yellow Gold – White Dial,126508
Rolex,Daytona,Oysterflex – Pikachu,126519LN
Rolex,Daytona,Oysterflex – Black,126519LN
Rolex,Daytona,Oysterflex – Ghost,126519LN
Rolex,Daytona,Rose Gold – Black Dial,126505
Rolex,Daytona,Rose Gold – Chocolate Dial,126505
Rolex,Daytona,Rose Gold – Sundust Baguette,126505
Rolex,Daytona,White Gold – Panda,126509
Rolex,Daytona,White Gold – Reverse Panda,126509
Rolex,Daytona,White Gold – Le Mans 100th Anniversary,126509
Rolex,Daytona,White Gold – Tahitian Dial,126509
Rolex,Sky-Dweller,Blue Dial – Oyster,336934
Rolex,Sky-Dweller,Blue Dial – Jubilee,336934
Rolex,Sky-Dweller,Mint Green – Oyster,336934
Rolex,Sky-Dweller,Mint Green – Jubilee,336934
Rolex,Sky-Dweller,Black – Oyster,336934
Rolex,Sky-Dweller,White – Oyster,336934
Rolex,Sky-Dweller,Steel & Gold – Black Dial,336933
Rolex,Sky-Dweller,Steel & Gold – Champagne,336933
Rolex,Sky-Dweller,Rose Gold – Chocolate,336935
Rolex,Sky-Dweller,Rose Gold – Sundust,336935
Rolex,Sky-Dweller,Rose Gold Oysterflex – Choc & White,336235
Rolex,Sky-Dweller,Oysterflex – Rhodium,336239
Rolex,Sky-Dweller,Yellow Gold – Green Dial,336938
Rolex,Sky-Dweller,Yellow Gold – Black Dial,336938
Rolex,Yacht-Master 40,Rhodium,126622
Rolex,Yacht-Master 42,Blue Dial,226659
Rolex,Yacht-Master 40,Steel & Rose,126621
Rolex,Yacht-Master 42,Titanium,226627
Rolex,Yacht-Master 37,Rhodium,268622
Rolex,Yacht-Master 42,Yellow Gold,226658
Rolex,Yacht-Master 40,Rose Gold Oysterflex,126655
Rolex,Submariner Date,Bluesey – Steel & Gold,126613LB
Rolex,Submariner Date,Full Yellow Gold Bluesey,126618LB
Rolex,Submariner Date,Black – Date,126610LN
Rolex,Submariner,Non-Date,124060
Rolex,Submariner Date,Starbucks,126610LV
Rolex,Submariner Date,White Gold – Blue Bezel Black Dial,126619LB
Rolex,Day-Date 40,White Gold – Olive,228239
Rolex,Day-Date 40,White Gold – Blue Dial,228239
Rolex,Day-Date 40,White Gold – Olive RBR,228239
Rolex,Day-Date 40,White Gold – Blue Dial RBR,228239
Rolex,Day-Date 40,White Gold – Meteorite,228239
Rolex,Day-Date 40,Rose Gold – Olive RBR,228235
Rolex,Day-Date 40,Rose Gold – Chocolate RBR,228235
Rolex,Day-Date 40,Rose Gold – Ombré RBR,228235
Rolex,Day-Date 40,Rose Gold – Eisenkiesel RBR,228235
Rolex,Day-Date 40,Rose Gold – Sundust Baguette RBR,228235
Rolex,Day-Date 40,Rose Gold – White Dial,228235
Rolex,Day-Date 40,Rose Gold – Chocolate Motif RBR,228235
Rolex,Day-Date 40,White Gold – DD2 Diamond Dot,228349RBR
Rolex,Day-Date 40,Rose Gold – DD2,228345RBR
Rolex,Day-Date 40,Rose Gold – DD2 Sundust Diamond Dot,228345RBR
Rolex,Day-Date 40,Platinum – Ice Blue,228236
Rolex,Day-Date 40,Platinum – Smooth Dial,228236
Rolex,Day-Date 40,Platinum – Fluted Dial,228236
Rolex,Day-Date 40,Platinum – Roman Numeral,228236
Rolex,Day-Date 40,Platinum – Baguette Dial,228236
Rolex,Day-Date 40,Platinum – Blue Dial,228236
Rolex,Day-Date 40,Platinum – Green Arabic TBR,228236
Rolex,Day-Date 40,Platinum – Blue TBR,228236
Rolex,Day-Date 40,Platinum – Ice Blue Roman,228236
Rolex,Day-Date 40,Platinum – Black Baguette,228236
Rolex,Day-Date 40,Yellow Gold – Ombré RBR,228238
Rolex,Day-Date 40,Yellow Gold – Black RBR,228238
Rolex,Day-Date 40,Yellow Gold – Silver Anniversary RBR,228238
Rolex,Day-Date 40,Yellow Gold – Onyx RBR,228238
Rolex,Day-Date 40,Yellow Gold – Champagne RBR,228238
Rolex,Day-Date 40,Yellow Gold – Green Ombré RBR,228238
Rolex,Datejust 41,Wimbledon – Jubilee Fluted,126334
Rolex,Datejust 41,Mint Green – Jubilee,126334
Rolex,Datejust 41,Blue Dial – Fluted,126334
Rolex,Datejust 41,Grey Rhodium,126334
Rolex,Datejust 41,Black,126334
Rolex,Datejust 41,White,126334
Rolex,Datejust 41,Champagne,126334
Rolex,Datejust 41,Palm Motif,126334
Rolex,Datejust 41,Mother of Pearl,126334
Rolex,Datejust 41,MOP Diamond,126334
Rolex,Datejust 41,Champagne Diamond Dot,126334
Rolex,Datejust 41,Roman Numeral Azzurro,126334
Rolex,Datejust 41,Slate,126334
Rolex,Datejust 41,Silver,126334
Rolex,Datejust 41,Ombré – Jubilee,126334
Rolex,Datejust 41,Olive Green – Jubilee Fluted,126334
Rolex,Datejust 41,Arabic Azzurro,126334
Rolex,Datejust 41,Motif Roman – Jubilee,126334
Rolex,Datejust 41,Black Fluted,126334
Rolex,Datejust 41,Meteorite – Jubilee,126334
Rolex,Datejust 41,Black – Oyster Smooth,126300
Rolex,Datejust 41,Silver – Oyster Smooth,126300
Rolex,Datejust 41,Blue – Oyster Smooth,126300
Rolex,Datejust 41,Green – Oyster Smooth,126300
Rolex,Datejust 41,Dark Rhodium – Oyster,126300
Rolex,Datejust 41,Slate – Oyster,126300
Rolex,Datejust 41,Bright Blue – Oyster,126300
Rolex,Datejust 41,Wimbledon – Oyster Fluted,126333
Rolex,Datejust 41,Mint Green – Oyster Fluted,126333
Rolex,Datejust 41,Blue – Oyster Fluted,126333
Rolex,Datejust 41,White – Oyster Fluted,126333
Rolex,Datejust 41,Champagne – Oyster Fluted,126333
Rolex,Datejust 41,Silver – Rose Gold Jubilee,126301
Rolex,Datejust 41,Chocolate – Rose Gold Jubilee,126301
Rolex,Datejust 41,Sundust – Rose Gold Jubilee,126301
Rolex,Datejust 41,White – Rose Gold Jubilee,126301
Rolex,Datejust 41,Champagne Diamond – Rose Jubilee,126331
Rolex,Datejust 41,Black Diamond – Rose Jubilee,126331
Rolex,Datejust 41,Silver Diamond – Rose Jubilee,126331
Rolex,Datejust 41,Chocolate Diamond – Rose Jubilee,126331
Rolex,Datejust 41,Coral Diamond – Rose Jubilee,126331
Rolex,Datejust 41,Pink Diamond – Rose Jubilee,126331
Rolex,Datejust 41,White Gold – Black Diamond,126339
Rolex,Datejust 41,White Gold – Silver Diamond,126339
Rolex,Datejust 41,White Gold – Blue Diamond,126339
Rolex,Datejust 41,Yellow Gold – Silver,126338
Rolex,Datejust 41,Yellow Gold – Champagne,126338
Rolex,Datejust 41,Yellow Gold – Black Diamond,126348RBR
Rolex,Datejust 41,Slate Deco – Jubilee,126303
Rolex,Datejust 41,Motif Azzurro – Jubilee,126334
  AUDEMARS PIGUET,,,
Audemars Piguet,Royal Oak Selfwinding 41mm,Blue Dial – Steel,15510ST.OO.1320ST.06
Audemars Piguet,Royal Oak Selfwinding 41mm,Grey Dial – Steel,15510ST.OO.1320ST.07
Audemars Piguet,Royal Oak Selfwinding 41mm,Black Dial – Steel,15510ST.OO.1320ST.08
Audemars Piguet,Royal Oak Selfwinding 41mm,Green Dial – Steel,15510ST.OO.1320ST.09
Audemars Piguet,Royal Oak Selfwinding 41mm,Salmon Dial – Steel,15510ST.OO.1320ST.10
Audemars Piguet,Royal Oak Selfwinding 41mm,Blue Dial – Rose Gold,15510OR.OO.1320OR.03
Audemars Piguet,Royal Oak Selfwinding 41mm,Grey Dial – Rose Gold,15510OR.OO.1320OR.04
Audemars Piguet,Royal Oak Selfwinding 41mm,Blue Dial – White Gold,15510BC.OO.1320BC.04
Audemars Piguet,Royal Oak Selfwinding 41mm,Yellow Gold,15513BA.OO.1320BA.01
Audemars Piguet,Royal Oak Chronograph 41mm,Blue Dial – Steel,26240ST.OO.1320ST.05
Audemars Piguet,Royal Oak Chronograph 41mm,Black Dial – Steel,26240ST.OO.1320ST.06
Audemars Piguet,Royal Oak Chronograph 41mm,Grey Dial – Steel,26240ST.OO.1320ST.07
Audemars Piguet,Royal Oak Chronograph 41mm,Green Dial – Steel,26240ST.OO.1320ST.08
Audemars Piguet,Royal Oak Chronograph 41mm,Rose Gold,26240OR.OO.1320OR.05
Audemars Piguet,Royal Oak Chronograph 41mm,Black Ceramic,26240CE.OO.1225CE.02
Audemars Piguet,Royal Oak Chronograph 41mm,White Gold,26240BC.OO.1320BC.04
Audemars Piguet,Royal Oak Jumbo Extra-Thin 39mm,Steel Blue,16202ST.OO.1240ST.02
Audemars Piguet,Royal Oak Jumbo Extra-Thin 39mm,Yellow Gold,16202BA.HH.1241BA.01
Audemars Piguet,Royal Oak Jumbo Extra-Thin 39mm,White Gold,16202BC.OO.1240BC.02
Audemars Piguet,Royal Oak Jumbo Extra-Thin 39mm,Titanium,16202XT.OO.1240XT.01
Audemars Piguet,Royal Oak Perpetual Calendar 41mm,Steel Blue,26674ST.OO.1320ST.01
Audemars Piguet,Royal Oak Perpetual Calendar 41mm,Bleu Nuit Ceramic,26674CD.OO.1225CD.01
Audemars Piguet,Royal Oak Openworked 41mm,Steel,15407ST.OO.1220ST.02
Audemars Piguet,Royal Oak Openworked 41mm,Yellow Gold,15407BA.OO.1220BA.01
Audemars Piguet,Royal Oak Frosted Gold 41mm,Rose Gold,15412OR.YG.1224OR.01-B
Audemars Piguet,Royal Oak Frosted Gold 41mm,White Gold,15412BC.YG.1224BC.03-B
Audemars Piguet,Royal Oak Frosted Gold 41mm,Yellow Gold,15412BA.YG.1224BA.01-B
Audemars Piguet,Royal Oak Flying Tourbillon 41mm,Steel,26730ST.OO.1320ST.05
Audemars Piguet,Royal Oak Flying Tourbillon 41mm,Titanium,26730TI.OO.1320TI.02
Audemars Piguet,Royal Oak Offshore Chrono 44mm,Grey – Titanium,26420TI.OO.A027CA.01
Audemars Piguet,Royal Oak Offshore Chrono 44mm,Blue – Titanium,26400IO.OO.A004CA.01
Audemars Piguet,Royal Oak Offshore Chrono 44mm,Black – Steel,26420ST.OO.A002CA.01
Audemars Piguet,Royal Oak Offshore Chrono 44mm,Brown – Rose Gold,26470OR.OO.1000OR.01
Audemars Piguet,Royal Oak Offshore Chrono 44mm,Black Ceramic,26420CE.OO.A002CA.01
Audemars Piguet,Royal Oak Offshore Chrono 44mm,Green – Titanium,26400IO.OO.A056CA.01
Audemars Piguet,Royal Oak Offshore Selfwinding 43mm,Blue Dial,15710ST.OO.A002CA.01
Audemars Piguet,Royal Oak Offshore Selfwinding 43mm,Silver Dial,15710ST.OO.A009CA.01
Audemars Piguet,Royal Oak Offshore Selfwinding 43mm,Green Dial,15710ST.OO.A020CA.01
Audemars Piguet,Royal Oak Offshore Selfwinding 43mm,Black Ceramic,15720CE.OO.A002CA.01
Audemars Piguet,Royal Oak Offshore Selfwinding 43mm,Grey Titanium,15720TI.OO.A009CA.01
Audemars Piguet,CODE 11.59 Selfwinding 41mm,Smoked Blue – White Gold,15210BC.OO.A321CR.01
Audemars Piguet,CODE 11.59 Selfwinding 41mm,Smoked Grey – Steel,15210ST.OO.A007CA.01
Audemars Piguet,CODE 11.59 Chronograph 41mm,Smoked Grey – White Gold,26393BC.OO.A321CR.01
Audemars Piguet,CODE 11.59 Chronograph 41mm,Smoked Blue – Steel,26393ST.OO.A020CA.01
Audemars Piguet,CODE 11.59 Tourbillon 41mm,Skeletonised – Steel,26398ST.OO.A002KB.01
Audemars Piguet,Code 11:59,Black Dial,15210BC.OO.A002CR.01
Audemars Piguet,Code 11:59,Rose Gold,15210OR.OO.A002CR.01
Audemars Piguet,Code 11:59,Rose Gold - White Dial,15210OR.OO.A099CR.01
Audemars Piguet,Code 11:59 Chronograph,Steel Black,26393BC.OO.A002CR.01
Audemars Piguet,Code 11:59 Chronograph,Rose Gold Black,26393OR.OO.A002CR.01
Audemars Piguet,Code 11:59 Chronograph,Rose Gold Blue,26393OR.OO.A321CR.01
Audemars Piguet,Code 11:59 Perpetual Calendar,Rose Gold,26394OR.OO.D321CR.01
Audemars Piguet,Code 11:59 Flying Tourbillon,Steel,26393BC.OO.D321CR.01
Audemars Piguet,Code 11:59 Tourbillon Openworked,Rose Gold,266000R.OO.D002CR.01
Audemars Piguet,Royal Oak,Rose Gold,15400OR.OO.D088CR.01
Audemars Piguet,Royal Oak,Rose Gold Bracelet,15500OR.OO.1220OR.01
Audemars Piguet,Royal Oak,Rose Gold Leather,15500OR.OO.D002CR.01
Audemars Piguet,Royal Oak,Steel Bracelet,15500ST.OO.1220ST.01
Audemars Piguet,Royal Oak,Steel Bracelet Alt,15500ST.OO.1220ST.02
Audemars Piguet,Royal Oak,Steel Bracelet Alt 2,15500ST.OO.1220ST.03
Audemars Piguet,Royal Oak,Steel Bracelet Alt 3,15500ST.OO.1220ST.04
Audemars Piguet,Royal Oak,Steel/Black Dial,15510BC.OO.1320BC.02
Audemars Piguet,Royal Oak,Rose Gold Leather,15510OR.OO.D002CR.02
Audemars Piguet,Royal Oak,Rose Gold Blue Leather,15510OR.OO.D315CR.02
Audemars Piguet,Royal Oak,Bronze,15550BA.OO.1356BA.01
Audemars Piguet,Royal Oak,Bronze Alt,15550BA.OO.1356BA.02
Audemars Piguet,Royal Oak,Stainless Steel Red,15550SR.OO.1356SR.02
Audemars Piguet,Royal Oak,Steel,15550ST.OO.1356ST.05
Audemars Piguet,Royal Oak,Steel Alt,15550ST.OO.1356ST.06
Audemars Piguet,Royal Oak,Steel Alt 2,15550ST.OO.1356ST.07
Audemars Piguet,Royal Oak,Steel Alt 3,15550ST.OO.1356ST.08
Audemars Piguet,Royal Oak,Bronze Black,15551BC.ZZ.1356BC.01
Audemars Piguet,Royal Oak,Rose Gold Alt,15551OR.ZZ.1356OR.04
Audemars Piguet,Royal Oak,Rose Gold Alt 2,15551OR.ZZ.1356OR.05
Audemars Piguet,,,
Audemars Piguet,Royal Oak,Steel Ceramic,15551ST.ZZ.1356ST.04
Audemars Piguet,Royal Oak,Steel Ceramic Alt,15551ST.ZZ.1356ST.05
Audemars Piguet,Royal Oak,Steel Ceramic Alt 2,15551ST.ZZ.1356ST.06
Audemars Piguet,Royal Oak,Rose Gold Vintage,67650OR.OO.1261OR.01
Audemars Piguet,,,
Audemars Piguet,Royal Oak,Ceramic Emerald,77350CE.OO.1266CE.03.A
Audemars Piguet,Royal Oak,Stainless Steel Red,77350SR.OO.1261SR.01
Audemars Piguet,Royal Oak,Steel Yellow,77350ST.OO.1261ST.01
Audemars Piguet,Royal Oak,Rose Gold,77351OR.ZZ.1261OR.01
  PATEK PHILIPPE,,,
Patek Philippe,Nautilus 5811,White Gold – Blue Dial,5811/1G-001
Patek Philippe,Nautilus 5712 Moon Phases,Rose Gold,5712/1R-001
Patek Philippe,Nautilus 5726 Annual Calendar,Steel – Green Dial,5726/1A-014
Patek Philippe,Nautilus 5726 Annual Calendar,Steel – Blue Dial,5726A-001
Patek Philippe,Nautilus 5712 Moon Phases,Steel,5712/1A-001
Patek Philippe,Nautilus 5726 Annual Calendar,White Gold,5726/1G-001
Patek Philippe,Nautilus 5811,White Gold – White Dial,5811/1G-011
Patek Philippe,Nautilus 5726 Annual Calendar,Rose Gold,5726/1R-001
Patek Philippe,Nautilus 5712 Moon Phases,White Gold,5712/1G-001
Patek Philippe,Aquanaut 5167,Steel – Black Tropical,5167A-001
Patek Philippe,Aquanaut 5167,Steel – Khaki Green,5167A-025
Patek Philippe,Aquanaut 5168,White Gold – Green,5168G-010
Patek Philippe,Aquanaut 5164 Travel Time,Steel,5164A-001
Patek Philippe,Aquanaut 5164 Travel Time,Rose Gold,5164R-001
Patek Philippe,Aquanaut 5167 Ladies,Rose Gold – Chocolate,5067A-025
Patek Philippe,Aquanaut 5968 Chrono,Steel – Orange,5968A-001
Patek Philippe,Calatrava 6119,White Gold – Ebony Black,6119G-010
Patek Philippe,Calatrava 5196,Platinum,5196P-001
Patek Philippe,Calatrava 5227,White Gold,5227G-001
Patek Philippe,Calatrava 5153,Rose Gold,5153R-001
Patek Philippe,Calatrava 6000,Yellow Gold,6000J-001
Patek Philippe,Calatrava 5116,White Gold,5116G-001
Patek Philippe,Annual Calendar 5205,White Gold – Blue,5205G-013
Patek Philippe,Chronograph 5172,White Gold – Silver,5172G-001
Patek Philippe,Annual Calendar 5396,White Gold – Moon,5396G-014
Patek Philippe,Perpetual Calendar 5270,White Gold,5270G-014
Patek Philippe,World Time 5230,White Gold,5230G-010
Patek Philippe,Moonphase 5320,White Gold,5320G-011
Patek Philippe,Cubitus 5821,Steel – Khaki Green,5821A-001
  RICHARD MILLE,,,
Richard Mille,RM 011,Automatic Flyback Chronograph,RM 011
Richard Mille,RM 035,Rafael Nadal – RM 35-03,RM 35-03
Richard Mille,RM 035,Rafael Nadal Carbon – RM 35-02,RM 35-02
Richard Mille,RM 067,Extra Flat Automatic – RM 67-01,RM 67-01
  CARTIER,,,
Cartier,Santos de Cartier Large,Steel – Silver Dial,WSSA0018
Cartier,Santos de Cartier Large,Steel – Blue Dial,WSSA0030
Cartier,Santos de Cartier Large,Steel – Green Dial,WSSA0061
Cartier,Santos de Cartier Large,Steel – Grey Dial,WSSA0062
Cartier,Santos de Cartier Medium,Steel – Silver Dial,WSSA0020
Cartier,Santos de Cartier Large,Rose Gold – Silver Dial,WGSA0010
Cartier,Santos de Cartier Large,Steel & Gold – Silver,W2SA0016
Cartier,Santos de Cartier XL,Steel – Black Dial,WSSA0044
Cartier,Santos-Dumont XL,Yellow Gold – Ivory,WGSA0021
Cartier,Santos de Cartier Medium,Steel & Gold,W2SA0011
Cartier,Santos de Cartier Large,ADLC – Black,WSSA0037
Cartier,Tank Must Large,Steel – Silver,WSTA0041
Cartier,Tank Must Large,Steel – Green,WSTA0057
Cartier,Tank Must Large,Steel – Blue,WSTA0052
Cartier,Tank Française Large,Steel – Silver,WSTA0067
Cartier,Tank Française Medium,Steel & Gold,W51012Q4
Cartier,Tank Louis Cartier,Yellow Gold – Silver,WGTA0023
Cartier,Tank Solo Large,Steel – Silver,W5200003
Cartier,Tank Solo XL,Steel – Silver,W5200028
Cartier,Tank MC,Steel – Silver,WSTA0010
Cartier,Tank Américaine,White Gold – Silver,W2606956
Cartier,Tank Louis Cartier,Rose Gold – Silver,WGTA0091
Cartier,Tank Must Medium,Steel – Silver,WSTA0060
Cartier,Tank Française Large,Steel & Gold – Silver,W51002Q3
Cartier,Ballon Bleu 42mm,Steel – Silver,W69012Z4
Cartier,Ballon Bleu 42mm,Rose Gold – Silver,WSBB0026
Cartier,Ballon Bleu 36mm,Steel – Silver,WSBB0048
Cartier,Ballon Bleu 40mm,Steel – Silver,WSBB0007
Cartier,Ballon Bleu 33mm,Steel & Rose Gold,W6920068
Cartier,Panthère de Cartier Medium,Steel,WSPA0013
Cartier,Panthère de Cartier Small,Steel,WSPA0012
Cartier,Panthère de Cartier Medium,Steel & Yellow Gold,W2PN0006
Cartier,Panthère de Cartier Mini,Steel,WSPA0014