id,type,brand,category,model,nickname,slug,title,description,stock_state,materials,gemstones,carat,dial,case_size,movement,reference_number,year,condition,bracelets,images,featured,meta_title,meta_description,placeholder
w-rolex-daytona-116500ln,watch,Rolex,,Daytona,,rolex-cosmograph-daytona-116500ln,Rolex Cosmograph Daytona 116500LN,Rolex Cosmograph Daytona with white dial and black Cerachrom bezel. Automatic chronograph movement.,in_stock,Oystersteel,,,White,40mm,Automatic Cal. 4130,116500LN,2021,Pre-owned,Oyster,,true,Rolex Cosmograph Daytona 116500LN | Alpoe London Hatton Garden,"Rolex Cosmograph Daytona 116500LN — authenticated and in stock at Alpoe London in Hatton Garden, London.",true
w-rolex-sub-116610ln,watch,Rolex,,Submariner,,rolex-submariner-date-116610ln,Rolex Submariner Date 116610LN,Iconic Rolex Submariner Date with black Cerachrom bezel and black dial. Available from our Hatton Garden dealership.,in_stock,Oystersteel,,,,40mm,Automatic Cal. 3135,116610LN,2018,Pre-owned,Oyster,,true,Rolex Submariner Date 116610LN | Alpoe London Hatton Garden,"Rolex Submariner Date 116610LN — authenticated and in stock at Alpoe London in Hatton Garden, London.",true
w-rolex-124060,watch,Rolex,,Submariner,,rolex-submariner-124060,Rolex Submariner 41 124060,"Rolex Submariner No Date 41mm in Oystersteel with black Cerachrom bezel and black dial. In stock at Alpoe London, Hatton Garden.",in_stock,Oystersteel,,,,41mm,Automatic Cal. 3230,124060,2024,Unworn,Oyster,/products/rolex/124060/01-submariner-non-date.webp,false,Rolex Submariner 41 124060 | Alpoe London Hatton Garden,"Rolex Submariner 41 124060 — authenticated and in stock at Alpoe London in Hatton Garden, London.",false
w-rolex-124200,watch,Rolex,,Oyster Perpetual,,rolex-oyster-perpetual-124200,Rolex Oyster Perpetual 34 124200,"Rolex Oyster Perpetual 34mm in Oystersteel, on Oyster bracelet. In stock at Alpoe London, Hatton Garden.",in_stock,Oystersteel,,,,34mm,Automatic Cal. 3230,124200,2024,Unworn,Oyster,,false,Rolex Oyster Perpetual 34 124200 | Alpoe London Hatton Garden,"Rolex Oyster Perpetual 34 124200 — authenticated and in stock at Alpoe London in Hatton Garden, London.",false
w-rolex-126000,watch,Rolex,,Oyster Perpetual,,rolex-oyster-perpetual-126000,Rolex Oyster Perpetual 36 126000,"Rolex Oyster Perpetual 36mm in Oystersteel, on Oyster bracelet. In stock at Alpoe London, Hatton Garden.",in_stock,Oystersteel,,,,36mm,Automatic Cal. 3230,126000,2024,Unworn,Oyster,,false,Rolex Oyster Perpetual 36 126000 | Alpoe London Hatton Garden,"Rolex Oyster Perpetual 36 126000 — authenticated and in stock at Alpoe London in Hatton Garden, London.",false
w-rolex-126200,watch,Rolex,,Datejust,,rolex-datejust-126200,Rolex Datejust 36 126200,"Rolex Datejust 36mm in Oystersteel, available on Oyster or Jubilee bracelet. In stock at Alpoe London, Hatton Garden.",in_stock,Oystersteel,,,,36mm,Automatic Cal. 3235,126200,2024,Unworn,Oyster|Jubilee,,false,Rolex Datejust 36 126200 | Alpoe London Hatton Garden,"Rolex Datejust 36 126200 — authenticated and in stock at Alpoe London in Hatton Garden, London.",false
w-rolex-126201,watch,Rolex,,Datejust,,rolex-datejust-126201,Rolex Datejust 36 126201,"Rolex Datejust 36mm in Oystersteel & 18ct Everose Gold, available on Oyster or Jubilee bracelet. In stock at Alpoe London, Hatton Garden.",in_stock,Oystersteel & 18ct Everose Gold,,,,36mm,Automatic Cal. 3235,126201,2024,Unworn,Oyster|Jubilee,,false,Rolex Datejust 36 126201 | Alpoe London Hatton Garden,"Rolex Datejust 36 126201 — authenticated and in stock at Alpoe London in Hatton Garden, London.",false
w-rolex-126203,watch,Rolex,,Datejust,,rolex-datejust-126203,Rolex Datejust 36 126203,"Rolex Datejust 36mm in Oystersteel & 18ct Yellow Gold, available on Oyster or Jubilee bracelet. In stock at Alpoe London, Hatton Garden.",in_stock,Oystersteel & 18ct Yellow Gold,,,,36mm,Automatic Cal. 3235,126203,2024,Unworn,Oyster|Jubilee,,false,Rolex Datejust 36 126203 | Alpoe London Hatton Garden,"Rolex Datejust 36 126203 — authenticated and in stock at Alpoe London in Hatton Garden, London.",false
w-rolex-126231,watch,Rolex,,Datejust,,rolex-datejust-126231,Rolex Datejust 36 126231,"Rolex Datejust 36mm in Oystersteel & 18ct Everose Gold, available on Oyster or Jubilee bracelet. In stock at Alpoe London, Hatton Garden.",in_stock,Oystersteel & 18ct Everose Gold,,,,36mm,Automatic Cal. 3235,126231,2024,Unworn,Oyster|Jubilee,,false,Rolex Datejust 36 126231 | Alpoe London Hatton Garden,"Rolex Datejust 36 126231 — authenticated and in stock at Alpoe London in Hatton Garden, London.",false
w-rolex-126233,watch,Rolex,,Datejust,,rolex-datejust-126233,Rolex Datejust 36 126233,"Rolex Datejust 36mm in Oystersteel & 18ct Yellow Gold, available on Oyster or Jubilee bracelet. In stock at Alpoe London, Hatton Garden.",in_stock,Oystersteel & 18ct Yellow Gold,,,,36mm,Automatic Cal. 3235,126233,2024,Unworn,Oyster|Jubilee,,false,Rolex Datejust 36 126233 | Alpoe London Hatton Garden,"Rolex Datejust 36 126233 — authenticated and in stock at Alpoe London in Hatton Garden, London.",false
w-rolex-126300,watch,Rolex,,Datejust,,rolex-datejust-126300,Rolex Datejust 41 126300,"Rolex Datejust 41mm in Oystersteel, available on Oyster or Jubilee bracelet. In stock at Alpoe London, Hatton Garden.",in_stock,Oystersteel,,,,41mm,Automatic Cal. 3235,126300,2024,Unworn,Oyster|Jubilee,/products/rolex/126300/01-datejust-41-smooth-blue-dial.webp|/products/rolex/126300/02-datejust-41-smooth-wimbledon-oyster.webp|/products/rolex/126300/03-datejust-41-smooth-mint-green-oyster.webp|/products/rolex/126300/04-datejust-41-smooth-grey-rhodium-oyster.webp|/products/rolex/126300/05-datejust-41-smooth-black-oyster.webp|/products/rolex/126300/06-datejust-41-smooth-white-oyster.webp|/products/rolex/126300/07-datejust-41-smooth-custom-blue-arabic.webp|/products/rolex/126300/08-datejust-41-smooth-custom-green-arabic.webp,false,Rolex Datejust 41 126300 | Alpoe London Hatton Garden,"Rolex Datejust 41 126300 — authenticated and in stock at Alpoe London in Hatton Garden, London.",false
w-rolex-126301,watch,Rolex,,Datejust,,rolex-datejust-126301,Rolex Datejust 41 126301,"Rolex Datejust 41mm in Oystersteel & 18ct Everose Gold, available on Oyster or Jubilee bracelet. In stock at Alpoe London, Hatton Garden.",in_stock,Oystersteel & 18ct Everose Gold,,,,41mm,Automatic Cal. 3235,126301,2024,Unworn,Oyster|Jubilee,,false,Rolex Datejust 41 126301 | Alpoe London Hatton Garden,"Rolex Datejust 41 126301 — authenticated and in stock at Alpoe London in Hatton Garden, London.",false
w-rolex-126303,watch,Rolex,,Datejust,,rolex-datejust-126303,Rolex Datejust 41 126303,"Rolex Datejust 41mm in Oystersteel & 18ct Yellow Gold, available on Oyster or Jubilee bracelet. In stock at Alpoe London, Hatton Garden.",in_stock,Oystersteel & 18ct Yellow Gold,,,,41mm,Automatic Cal. 3235,126303,2024,Unworn,Oyster|Jubilee,,false,Rolex Datejust 41 126303 | Alpoe London Hatton Garden,"Rolex Datejust 41 126303 — authenticated and in stock at Alpoe London in Hatton Garden, London.",false
w-rolex-126331,watch,Rolex,,Datejust,,rolex-datejust-126331,Rolex Datejust 41 126331,"Rolex Datejust 41mm in Oystersteel & 18ct Everose Gold, available on Oyster or Jubilee bracelet. In stock at Alpoe London, Hatton Garden.",in_stock,Oystersteel & 18ct Everose Gold,,,,41mm,Automatic Cal. 3235,126331,2024,Unworn,Oyster|Jubilee,/products/rolex/126331/01-datejust-41-steel-rose-gold-chocolate-motif.webp,false,Rolex Datejust 41 126331 | Alpoe London Hatton Garden,"Rolex Datejust 41 126331 — authenticated and in stock at Alpoe London in Hatton Garden, London.",false
w-rolex-126333,watch,Rolex,,Datejust,,rolex-datejust-126333,Rolex Datejust 41 126333,"Rolex Datejust 41mm in Oystersteel & 18ct Yellow Gold, available on Oyster or Jubilee bracelet. In stock at Alpoe London, Hatton Garden.",in_stock,Oystersteel & 18ct Yellow Gold,,,,41mm,Automatic Cal. 3235,126333,2024,Unworn,Oyster|Jubilee,/products/rolex/126333/01-datejust-41-steel-yellow-gold-champagne.webp,false,Rolex Datejust 41 126333 | Alpoe London Hatton Garden,"Rolex Datejust 41 126333 — authenticated and in stock at Alpoe London in Hatton Garden, London.",false
w-rolex-126334,watch,Rolex,,Datejust,,rolex-datejust-126334,Rolex Datejust 41 126334,"Rolex Datejust 41mm in Oystersteel & 18ct White Gold, available on Oyster or Jubilee bracelet. In stock at Alpoe London, Hatton Garden.",in_stock,Oystersteel & 18ct White Gold,,,,41mm,Automatic Cal. 3235,126334,2024,Unworn,Oyster|Jubilee,/products/rolex/126334/01-datejust-41-blue-dial-fluted.webp|/products/rolex/126334/02-datejust-41-wimbledon-jubilee-fluted.webp|/products/rolex/126334/03-datejust-41-black.webp|/products/rolex/126334/04-datejust-41-white.webp|/products/rolex/126334/05-datejust-41-champagne.webp|/products/rolex/126334/06-datejust-41-grey-rhodium.webp|/products/rolex/126334/07-datejust-41-palm-motif.webp|/products/rolex/126334/08-datejust-41-mother-of-pearl.webp|/products/rolex/126334/09-datejust-41-mop-diamond.webp|/products/rolex/126334/10-datejust-41-mint-green-jubilee.webp|/products/rolex/126334/11-datejust-41-champagne-diamond-dot.webp|/products/rolex/126334/12-datejust-41-roman-numeral-azzurro.webp|/products/rolex/126334/13-datejust-41-slate.webp|/products/rolex/126334/14-datejust-41-silver.webp,false,Rolex Datejust 41 126334 | Alpoe London Hatton Garden,"Rolex Datejust 41 126334 — authenticated and in stock at Alpoe London in Hatton Garden, London.",false
w-rolex-126500ln,watch,Rolex,,Daytona,Panda,rolex-daytona-panda-126500ln,"Rolex Cosmograph Daytona 40 ""Panda"" 126500LN","The current-generation Rolex Cosmograph Daytona 40mm in Oystersteel with black Cerachrom bezel — Panda or Reverse-Panda dial. In stock at Alpoe London, Hatton Garden.",in_stock,Oystersteel,,,,40mm,Automatic Cal. 4131,126500LN,2024,Unworn,Oyster,/products/rolex/126500ln/01-daytona-panda.webp|/products/rolex/126500ln/02-daytona-reverse-panda.webp,false,"Rolex Cosmograph Daytona 40 ""Panda"" 126500LN | Alpoe London Hatton Garden","Rolex Cosmograph Daytona 40 ""Panda"" 126500LN — authenticated and in stock at Alpoe London in Hatton Garden, London.",false
w-rolex-126503,watch,Rolex,,Daytona,,rolex-daytona-126503,Rolex Cosmograph Daytona 40 126503,"Rolex Daytona 40mm in Oystersteel & 18ct Yellow Gold, on Oyster bracelet. In stock at Alpoe London, Hatton Garden.",in_stock,Oystersteel & 18ct Yellow Gold,,,,40mm,Automatic Cal. 4131,126503,2024,Unworn,Oyster,/products/rolex/126503/01-daytona-steel-gold-champagne-dial.webp|/products/rolex/126503/02-daytona-steel-gold-black-dial.webp,false,Rolex Cosmograph Daytona 40 126503 | Alpoe London Hatton Garden,"Rolex Cosmograph Daytona 40 126503 — authenticated and in stock at Alpoe London in Hatton Garden, London.",false
w-rolex-126505,watch,Rolex,,Daytona,,rolex-daytona-126505,Rolex Cosmograph Daytona 40 126505,"Rolex Daytona 40mm in 18ct Everose Gold, on Oyster bracelet. In stock at Alpoe London, Hatton Garden.",in_stock,18ct Everose Gold,,,,40mm,Automatic Cal. 4131,126505,2024,Unworn,Oyster,/products/rolex/126505/01-daytona-rose-gold-black-dial.webp|/products/rolex/126505/02-daytona-rose-gold-chocolate-dial.webp|/products/rolex/126505/03-daytona-rose-gold-sundust-baguette-dial.webp,false,Rolex Cosmograph Daytona 40 126505 | Alpoe London Hatton Garden,"Rolex Cosmograph Daytona 40 126505 — authenticated and in stock at Alpoe London in Hatton Garden, London.",false
w-rolex-126506,watch,Rolex,,Daytona,Ice Blue,rolex-daytona-ice-blue-126506,"Rolex Cosmograph Daytona 40 ""Ice Blue"" 126506","Rolex Cosmograph Daytona 40mm in 950 platinum with ice-blue dial and chestnut-brown Cerachrom bezel. In stock at Alpoe London, Hatton Garden.",in_stock,950 Platinum,,,,40mm,Automatic Cal. 4131,126506,2024,Unworn,Oyster,/products/rolex/126506/01-daytona-platinum-blue-dial.webp|/products/rolex/126506/02-daytona-platinum-baguette-blue-dial.webp,false,"Rolex Cosmograph Daytona 40 ""Ice Blue"" 126506 | Alpoe London Hatton Garden","Rolex Cosmograph Daytona 40 ""Ice Blue"" 126506 — authenticated and in stock at Alpoe London in Hatton Garden, London.",false
w-rolex-126508,watch,Rolex,,Daytona,John Mayer,rolex-daytona-john-mayer-126508,"Rolex Cosmograph Daytona 40 ""John Mayer"" 126508","Rolex Cosmograph Daytona 40mm in solid 18ct yellow gold — green-dial variant nicknamed the ""John Mayer"". In stock at Alpoe London, Hatton Garden.",in_stock,18ct Yellow Gold,,,,40mm,Automatic Cal. 4131,126508,2024,Unworn,Oyster,/products/rolex/126508/01-daytona-yellow-gold-john-mayer-2-0.webp|/products/rolex/126508/02-daytona-yellow-gold-pikachu.webp|/products/rolex/126508/03-daytona-yellow-gold-white-dial.webp,false,"Rolex Cosmograph Daytona 40 ""John Mayer"" 126508 | Alpoe London Hatton Garden","Rolex Cosmograph Daytona 40 ""John Mayer"" 126508 — authenticated and in stock at Alpoe London in Hatton Garden, London.",false
w-rolex-126509,watch,Rolex,,Daytona,,rolex-daytona-126509,Rolex Cosmograph Daytona 40 126509,"Rolex Daytona 40mm in 18ct White Gold, on Oyster bracelet. In stock at Alpoe London, Hatton Garden.",in_stock,18ct White Gold,,,,40mm,Automatic Cal. 4131,126509,2024,Unworn,Oyster,/products/rolex/126509/01-daytona-white-gold-panda.webp|/products/rolex/126509/02-daytona-white-gold-reverse-panda.webp|/products/rolex/126509/03-daytona-white-gold-le-mans-100th-anniversary.webp|/products/rolex/126509/04-daytona-white-gold-tahitian-dial.webp,false,Rolex Cosmograph Daytona 40 126509 | Alpoe London Hatton Garden,"Rolex Cosmograph Daytona 40 126509 — authenticated and in stock at Alpoe London in Hatton Garden, London.",false
w-rolex-126515ln,watch,Rolex,,Daytona,,rolex-daytona-126515ln,Rolex Cosmograph Daytona 40 126515LN,"Rolex Daytona 40mm in 18ct Everose Gold, on Oysterflex bracelet. In stock at Alpoe London, Hatton Garden.",in_stock,18ct Everose Gold,,,,40mm,Automatic Cal. 4131,126515LN,2024,Unworn,Oysterflex,,false,Rolex Cosmograph Daytona 40 126515LN | Alpoe London Hatton Garden,"Rolex Cosmograph Daytona 40 126515LN — authenticated and in stock at Alpoe London in Hatton Garden, London.",false
w-rolex-126518ln,watch,Rolex,,Daytona,,rolex-daytona-126518ln,Rolex Cosmograph Daytona 40 126518LN,"Rolex Daytona 40mm in 18ct Yellow Gold, on Oysterflex bracelet. In stock at Alpoe London, Hatton Garden.",in_stock,18ct Yellow Gold,,,,40mm,Automatic Cal. 4131,126518LN,2024,Unworn,Oysterflex,,false,Rolex Cosmograph Daytona 40 126518LN | Alpoe London Hatton Garden,"Rolex Cosmograph Daytona 40 126518LN — authenticated and in stock at Alpoe London in Hatton Garden, London.",false
w-rolex-126519ln,watch,Rolex,,Daytona,,rolex-daytona-126519ln,Rolex Cosmograph Daytona 40 126519LN,"Rolex Daytona 40mm in 18ct White Gold, on Oysterflex bracelet. In stock at Alpoe London, Hatton Garden.",in_stock,18ct White Gold,,,,40mm,Automatic Cal. 4131,126519LN,2024,Unworn,Oysterflex,/products/rolex/126519ln/01-daytona-oysterflex-black.webp|/products/rolex/126519ln/02-daytona-oysterflex-pikachu.webp|/products/rolex/126519ln/03-daytona-oysterflex-ghost.webp|/products/rolex/126519ln/04-daytona-white-gold-ghost.webp,false,Rolex Cosmograph Daytona 40 126519LN | Alpoe London Hatton Garden,"Rolex Cosmograph Daytona 40 126519LN — authenticated and in stock at Alpoe London in Hatton Garden, London.",false
w-rolex-126535tbr,watch,Rolex,,Daytona,,rolex-daytona-126535tbr,Rolex Cosmograph Daytona 40 126535TBR,"Rolex Daytona 40mm in 18ct Everose Gold, on Oysterflex bracelet. In stock at Alpoe London, Hatton Garden.",in_stock,18ct Everose Gold,Diamond,,,40mm,Automatic Cal. 4131,126535TBR,2024,Unworn,Oysterflex,,false,Rolex Cosmograph Daytona 40 126535TBR | Alpoe London Hatton Garden,"Rolex Cosmograph Daytona 40 126535TBR — authenticated and in stock at Alpoe London in Hatton Garden, London.",false
w-rolex-126538tbr,watch,Rolex,,Daytona,,rolex-daytona-126538tbr,Rolex Cosmograph Daytona 40 126538TBR,"Rolex Daytona 40mm in 18ct Yellow Gold, on Oysterflex bracelet. In stock at Alpoe London, Hatton Garden.",in_stock,18ct Yellow Gold,Diamond,,,40mm,Automatic Cal. 4131,126538TBR,2024,Unworn,Oysterflex,,false,Rolex Cosmograph Daytona 40 126538TBR | Alpoe London Hatton Garden,"Rolex Cosmograph Daytona 40 126538TBR — authenticated and in stock at Alpoe London in Hatton Garden, London.",false
w-rolex-126539tbr,watch,Rolex,,Daytona,,rolex-daytona-126539tbr,Rolex Cosmograph Daytona 40 126539TBR,"Rolex Daytona 40mm in 18ct White Gold, on Oysterflex bracelet. In stock at Alpoe London, Hatton Garden.",in_stock,18ct White Gold,Diamond,,,40mm,Automatic Cal. 4131,126539TBR,2024,Unworn,Oysterflex,,false,Rolex Cosmograph Daytona 40 126539TBR | Alpoe London Hatton Garden,"Rolex Cosmograph Daytona 40 126539TBR — authenticated and in stock at Alpoe London in Hatton Garden, London.",false
w-rolex-126589rbr,watch,Rolex,,Daytona,,rolex-daytona-126589rbr,Rolex Cosmograph Daytona 40 126589RBR,"Rolex Cosmograph Daytona 40mm in 18ct white gold with diamond-set bezel and meteorite dial. In stock at Alpoe London, Hatton Garden.",in_stock,18ct White Gold,Diamond,,Meteorite,40mm,Automatic Cal. 4131,126589RBR,2024,Unworn,Oysterflex,,false,Rolex Cosmograph Daytona 40 126589RBR | Alpoe London Hatton Garden,"Rolex Cosmograph Daytona 40 126589RBR — authenticated and in stock at Alpoe London in Hatton Garden, London.",false
w-rolex-126610ln,watch,Rolex,,Submariner,,rolex-submariner-126610ln,Rolex Submariner 41 126610LN,"Rolex Submariner Date 41mm in Oystersteel with black Cerachrom bezel and black dial. In stock at Alpoe London, Hatton Garden.",in_stock,Oystersteel,,,,41mm,Automatic Cal. 3235,126610LN,2024,Unworn,Oyster,/products/rolex/126610ln/01-submariner-date-black-date.webp,false,Rolex Submariner 41 126610LN | Alpoe London Hatton Garden,"Rolex Submariner 41 126610LN — authenticated and in stock at Alpoe London in Hatton Garden, London.",false
w-rolex-126610lv,watch,Rolex,,Submariner,Starbucks,rolex-submariner-starbucks-126610lv,"Rolex Submariner 41 ""Starbucks"" 126610LV","Rolex Submariner Date 41mm in Oystersteel with green Cerachrom bezel and black dial — the ""Starbucks"". In stock at Alpoe London, Hatton Garden.",in_stock,Oystersteel,,,,41mm,Automatic Cal. 3235,126610LV,2024,Unworn,Oyster,/products/rolex/126610lv/01-submariner-date-starbucks.webp,false,"Rolex Submariner 41 ""Starbucks"" 126610LV | Alpoe London Hatton Garden","Rolex Submariner 41 ""Starbucks"" 126610LV — authenticated and in stock at Alpoe London in Hatton Garden, London.",false
w-rolex-126613lb,watch,Rolex,,Submariner,Bluesy,rolex-submariner-bluesy-126613lb,"Rolex Submariner 41 ""Bluesy"" 126613LB","Rolex Submariner Date 41mm in Yellow Rolesor with blue Cerachrom bezel and blue dial — the ""Bluesy"". In stock at Alpoe London, Hatton Garden.",in_stock,Oystersteel & 18ct Yellow Gold,,,,41mm,Automatic Cal. 3235,126613LB,2024,Unworn,Oyster,/products/rolex/126613lb/01-submariner-date-bluesey.webp,false,"Rolex Submariner 41 ""Bluesy"" 126613LB | Alpoe London Hatton Garden","Rolex Submariner 41 ""Bluesy"" 126613LB — authenticated and in stock at Alpoe London in Hatton Garden, London.",false
w-rolex-126613ln,watch,Rolex,,Submariner,,rolex-submariner-126613ln,Rolex Submariner 41 126613LN,"Rolex Submariner 41mm in Oystersteel & 18ct Yellow Gold, on Oyster bracelet. In stock at Alpoe London, Hatton Garden.",in_stock,Oystersteel & 18ct Yellow Gold,,,,41mm,Automatic Cal. 3235,126613LN,2024,Unworn,Oyster,,false,Rolex Submariner 41 126613LN | Alpoe London Hatton Garden,"Rolex Submariner 41 126613LN — authenticated and in stock at Alpoe London in Hatton Garden, London.",false
w-rolex-126618lb,watch,Rolex,,Submariner,,rolex-submariner-126618lb,Rolex Submariner 41 126618LB,"Rolex Submariner 41mm in 18ct Yellow Gold, on Oyster bracelet. In stock at Alpoe London, Hatton Garden.",in_stock,18ct Yellow Gold,,,,41mm,Automatic Cal. 3235,126618LB,2024,Unworn,Oyster,/products/rolex/126618lb/01-submariner-date-full-yellow-gold-bluesey.webp,false,Rolex Submariner 41 126618LB | Alpoe London Hatton Garden,"Rolex Submariner 41 126618LB — authenticated and in stock at Alpoe London in Hatton Garden, London.",false
w-rolex-126618ln,watch,Rolex,,Submariner,,rolex-submariner-126618ln,Rolex Submariner 41 126618LN,"Rolex Submariner 41mm in 18ct Yellow Gold, on Oyster bracelet. In stock at Alpoe London, Hatton Garden.",in_stock,18ct Yellow Gold,,,,41mm,Automatic Cal. 3235,126618LN,2024,Unworn,Oyster,,false,Rolex Submariner 41 126618LN | Alpoe London Hatton Garden,"Rolex Submariner 41 126618LN — authenticated and in stock at Alpoe London in Hatton Garden, London.",false
w-rolex-126619lb,watch,Rolex,,Submariner,Smurf,rolex-submariner-smurf-126619lb,"Rolex Submariner 41 ""Smurf"" 126619LB","Rolex Submariner Date 41mm in solid 18ct white gold with blue Cerachrom bezel and blue dial — the ""Smurf"". In stock at Alpoe London, Hatton Garden.",in_stock,18ct White Gold,,,,41mm,Automatic Cal. 3235,126619LB,2024,Unworn,Oyster,/products/rolex/126619lb/01-submariner-white-gold-blue-bezel-black-dial.webp,false,"Rolex Submariner 41 ""Smurf"" 126619LB | Alpoe London Hatton Garden","Rolex Submariner 41 ""Smurf"" 126619LB — authenticated and in stock at Alpoe London in Hatton Garden, London.",false
w-rolex-126621,watch,Rolex,,Yacht-Master,,rolex-yacht-master-126621,Rolex Yacht-Master 40 126621,"Rolex Yacht-Master 40 in Everose Rolesor with bidirectional rotatable bezel. In stock at Alpoe London, Hatton Garden.",in_stock,Oystersteel & 18ct Everose Gold,,,,40mm,Automatic Cal. 3235,126621,2024,Unworn,Oyster,/products/rolex/126621/01-yacht-master-40-steel-rose.webp,false,Rolex Yacht-Master 40 126621 | Alpoe London Hatton Garden,"Rolex Yacht-Master 40 126621 — authenticated and in stock at Alpoe London in Hatton Garden, London.",false
w-rolex-126622,watch,Rolex,,Yacht-Master,,rolex-yacht-master-126622,Rolex Yacht-Master 40 126622,"Rolex Yacht-Master 40 in Rolesium — Oystersteel case with platinum bezel. In stock at Alpoe London, Hatton Garden.",in_stock,Oystersteel & 950 Platinum,,,,40mm,Automatic Cal. 3235,126622,2024,Unworn,Oyster,/products/rolex/126622/01-yacht-master-40-rhodium.webp,false,Rolex Yacht-Master 40 126622 | Alpoe London Hatton Garden,"Rolex Yacht-Master 40 126622 — authenticated and in stock at Alpoe London in Hatton Garden, London.",false
w-rolex-126655,watch,Rolex,,Yacht-Master,,rolex-yacht-master-126655,Rolex Yacht-Master 40 126655,"Rolex Yacht-Master 40 in 18ct Everose gold with matching Cerachrom bezel on Oysterflex bracelet. In stock at Alpoe London, Hatton Garden.",in_stock,18ct Everose Gold,,,Black,40mm,Automatic Cal. 3235,126655,2024,Unworn,Oysterflex,/products/rolex/126655/01-yacht-master-40-rose-gold-oysterflex.webp,false,Rolex Yacht-Master 40 126655 | Alpoe London Hatton Garden,"Rolex Yacht-Master 40 126655 — authenticated and in stock at Alpoe London in Hatton Garden, London.",false
w-rolex-126710blnr,watch,Rolex,,GMT-Master II,Batman,rolex-gmt-master-ii-batman-126710blnr,"Rolex GMT-Master II 40 ""Batman"" 126710BLNR","Rolex GMT-Master II 40mm in Oystersteel, available on Jubilee or Oyster bracelet. In stock at Alpoe London, Hatton Garden.",in_stock,Oystersteel,,,,40mm,Automatic Cal. 3285,126710BLNR,2024,Unworn,Jubilee|Oyster,/products/rolex/126710blnr/01-gmt-master-ii-batgirl-jubilee.webp|/products/rolex/126710blnr/02-gmt-master-ii-batman-oyster.webp,true,"Rolex GMT-Master II 40 ""Batman"" 126710BLNR | Alpoe London Hatton Garden","Rolex GMT-Master II 40 ""Batman"" 126710BLNR — authenticated and in stock at Alpoe London in Hatton Garden, London.",false
w-rolex-126710blro,watch,Rolex,,GMT-Master II,Pepsi,rolex-gmt-master-ii-pepsi-126710blro,"Rolex GMT-Master II 40 ""Pepsi"" 126710BLRO","Rolex GMT-Master II 40mm in Oystersteel, on Jubilee bracelet. In stock at Alpoe London, Hatton Garden.",in_stock,Oystersteel,,,,40mm,Automatic Cal. 3285,126710BLRO,2024,Unworn,Jubilee,/products/rolex/126710blro/01-gmt-master-ii-pepsi-jubilee.webp|/products/rolex/126710blro/02-gmt-master-ii-pepsi-oyster.webp,false,"Rolex GMT-Master II 40 ""Pepsi"" 126710BLRO | Alpoe London Hatton Garden","Rolex GMT-Master II 40 ""Pepsi"" 126710BLRO — authenticated and in stock at Alpoe London in Hatton Garden, London.",false
w-rolex-126710grnr,watch,Rolex,,GMT-Master II,Bruce Wayne,rolex-gmt-master-ii-bruce-wayne-126710grnr,"Rolex GMT-Master II 40 ""Bruce Wayne"" 126710GRNR","Rolex GMT-Master II 40mm in Oystersteel, available on Oyster or Jubilee bracelet. In stock at Alpoe London, Hatton Garden.",in_stock,Oystersteel,,,,40mm,Automatic Cal. 3285,126710GRNR,2024,Unworn,Oyster|Jubilee,/products/rolex/126710grnr/01-gmt-master-ii-bruce-wayne-jubilee.webp|/products/rolex/126710grnr/02-gmt-master-ii-bruce-wayne-oyster.webp,false,"Rolex GMT-Master II 40 ""Bruce Wayne"" 126710GRNR | Alpoe London Hatton Garden","Rolex GMT-Master II 40 ""Bruce Wayne"" 126710GRNR — authenticated and in stock at Alpoe London in Hatton Garden, London.",false
w-rolex-126711chnr,watch,Rolex,,GMT-Master II,Root Beer,rolex-gmt-master-ii-root-beer-126711chnr,"Rolex GMT-Master II 40 ""Root Beer"" 126711CHNR","Rolex GMT-Master II 40mm in Oystersteel & 18ct Everose Gold, on Oyster bracelet. In stock at Alpoe London, Hatton Garden.",in_stock,Oystersteel & 18ct Everose Gold,,,,40mm,Automatic Cal. 3285,126711CHNR,2024,Unworn,Oyster,/products/rolex/126711chnr/01-gmt-master-ii-rootbeer.webp,false,"Rolex GMT-Master II 40 ""Root Beer"" 126711CHNR | Alpoe London Hatton Garden","Rolex GMT-Master II 40 ""Root Beer"" 126711CHNR — authenticated and in stock at Alpoe London in Hatton Garden, London.",false
w-rolex-126713grnr,watch,Rolex,,GMT-Master II,Zombie,rolex-gmt-master-ii-zombie-126713grnr,"Rolex GMT-Master II 40 ""Zombie"" 126713GRNR","Rolex GMT-Master II 40mm in Oystersteel & 18ct Everose Gold, on Jubilee bracelet. In stock at Alpoe London, Hatton Garden.",in_stock,Oystersteel & 18ct Everose Gold,,,,40mm,Automatic Cal. 3285,126713GRNR,2024,Unworn,Jubilee,/products/rolex/126713grnr/01-gmt-master-ii-zombie.webp,false,"Rolex GMT-Master II 40 ""Zombie"" 126713GRNR | Alpoe London Hatton Garden","Rolex GMT-Master II 40 ""Zombie"" 126713GRNR — authenticated and in stock at Alpoe London in Hatton Garden, London.",false
w-rolex-126715chnr,watch,Rolex,,GMT-Master II,Root Beer,rolex-gmt-master-ii-root-beer-126715chnr,"Rolex GMT-Master II 40 ""Root Beer"" 126715CHNR","Rolex GMT-Master II 40mm in 18ct Everose Gold, on Oyster bracelet. In stock at Alpoe London, Hatton Garden.",in_stock,18ct Everose Gold,,,,40mm,Automatic Cal. 3285,126715CHNR,2024,Unworn,Oyster,/products/rolex/126715chnr/01-gmt-master-ii-full-rose-gold-rootbeer.webp,false,"Rolex GMT-Master II 40 ""Root Beer"" 126715CHNR | Alpoe London Hatton Garden","Rolex GMT-Master II 40 ""Root Beer"" 126715CHNR — authenticated and in stock at Alpoe London in Hatton Garden, London.",false
w-rolex-126715ln,watch,Rolex,,GMT-Master II,,rolex-gmt-master-ii-126715ln,Rolex GMT-Master II 40 126715LN,"Rolex GMT-Master II 40mm in 18ct Everose Gold, on Oyster bracelet. In stock at Alpoe London, Hatton Garden.",in_stock,18ct Everose Gold,,,,40mm,Automatic Cal. 3285,126715LN,2024,Unworn,Oyster,,false,Rolex GMT-Master II 40 126715LN | Alpoe London Hatton Garden,"Rolex GMT-Master II 40 126715LN — authenticated and in stock at Alpoe London in Hatton Garden, London.",false
w-rolex-126718grnr,watch,Rolex,,GMT-Master II,Zombie,rolex-gmt-master-ii-zombie-126718grnr,"Rolex GMT-Master II 40 ""Zombie"" 126718GRNR","Rolex GMT-Master II 40mm in 18ct Yellow Gold, on Jubilee bracelet. In stock at Alpoe London, Hatton Garden.",in_stock,18ct Yellow Gold,,,,40mm,Automatic Cal. 3285,126718GRNR,2024,Unworn,Jubilee,/products/rolex/126718grnr/01-gmt-master-ii-full-yellow-gold-zombie.webp,false,"Rolex GMT-Master II 40 ""Zombie"" 126718GRNR | Alpoe London Hatton Garden","Rolex GMT-Master II 40 ""Zombie"" 126718GRNR — authenticated and in stock at Alpoe London in Hatton Garden, London.",false
w-rolex-126718ln,watch,Rolex,,GMT-Master II,,rolex-gmt-master-ii-126718ln,Rolex GMT-Master II 40 126718LN,"Rolex GMT-Master II 40mm in 18ct Yellow Gold, on Oyster bracelet. In stock at Alpoe London, Hatton Garden.",in_stock,18ct Yellow Gold,,,,40mm,Automatic Cal. 3285,126718LN,2024,Unworn,Oyster,,false,Rolex GMT-Master II 40 126718LN | Alpoe London Hatton Garden,"Rolex GMT-Master II 40 126718LN — authenticated and in stock at Alpoe London in Hatton Garden, London.",false
w-rolex-126719blro,watch,Rolex,,GMT-Master II,White Gold Pepsi,rolex-gmt-master-ii-white-gold-pepsi-126719blro,"Rolex GMT-Master II 40 ""White Gold Pepsi"" 126719BLRO","Rolex GMT-Master II 40mm in 18ct White Gold, on Oyster bracelet. In stock at Alpoe London, Hatton Garden.",in_stock,18ct White Gold,,,,40mm,Automatic Cal. 3285,126719BLRO,2024,Unworn,Oyster,/products/rolex/126719blro/01-gmt-master-ii-white-gold-pepsi-meteorite-dial.webp|/products/rolex/126719blro/02-gmt-master-ii-white-gold-pepsi-blue-dial.webp,false,"Rolex GMT-Master II 40 ""White Gold Pepsi"" 126719BLRO | Alpoe London Hatton Garden","Rolex GMT-Master II 40 ""White Gold Pepsi"" 126719BLRO — authenticated and in stock at Alpoe London in Hatton Garden, London.",false
w-rolex-126720vtnr,watch,Rolex,,GMT-Master II,Sprite,rolex-gmt-master-ii-sprite-126720vtnr,"Rolex GMT-Master II 40 ""Sprite"" 126720VTNR","Rolex GMT-Master II 40mm in Oystersteel, available on Oyster or Jubilee bracelet. In stock at Alpoe London, Hatton Garden.",in_stock,Oystersteel,,,,40mm,Automatic Cal. 3285,126720VTNR,2024,Unworn,Oyster|Jubilee,/products/rolex/126720vtnr/01-gmt-master-ii-sprite-oyster.webp|/products/rolex/126720vtnr/02-gmt-master-ii-sprite-jubilee.webp,false,"Rolex GMT-Master II 40 ""Sprite"" 126720VTNR | Alpoe London Hatton Garden","Rolex GMT-Master II 40 ""Sprite"" 126720VTNR — authenticated and in stock at Alpoe London in Hatton Garden, London.",false
w-rolex-127234,watch,Rolex,,Land-Dweller,,rolex-land-dweller-127234,Rolex Land-Dweller 36 127234,"Rolex Land-Dweller 36mm in Oystersteel & 18ct White Gold, on Flat Jubilee bracelet. In stock at Alpoe London, Hatton Garden.",in_stock,Oystersteel & 18ct White Gold,,,,36mm,Automatic Cal. 7135,127234,2024,Unworn,Flat Jubilee,,false,Rolex Land-Dweller 36 127234 | Alpoe London Hatton Garden,"Rolex Land-Dweller 36 127234 — authenticated and in stock at Alpoe London in Hatton Garden, London.",false
w-rolex-127235,watch,Rolex,,Land-Dweller,,rolex-land-dweller-127235,Rolex Land-Dweller 36 127235,"Rolex Land-Dweller 36mm in 18ct Everose Gold, on Flat Jubilee bracelet. In stock at Alpoe London, Hatton Garden.",in_stock,18ct Everose Gold,,,,36mm,Automatic Cal. 7135,127235,2024,Unworn,Flat Jubilee,,false,Rolex Land-Dweller 36 127235 | Alpoe London Hatton Garden,"Rolex Land-Dweller 36 127235 — authenticated and in stock at Alpoe London in Hatton Garden, London.",false
w-rolex-127236,watch,Rolex,,Land-Dweller,,rolex-land-dweller-127236,Rolex Land-Dweller 36 127236,"Rolex Land-Dweller 36mm in 950 Platinum, on Flat Jubilee bracelet. In stock at Alpoe London, Hatton Garden.",in_stock,950 Platinum,,,,36mm,Automatic Cal. 7135,127236,2024,Unworn,Flat Jubilee,,false,Rolex Land-Dweller 36 127236 | Alpoe London Hatton Garden,"Rolex Land-Dweller 36 127236 — authenticated and in stock at Alpoe London in Hatton Garden, London.",false
w-rolex-127285tbr,watch,Rolex,,Land-Dweller,,rolex-land-dweller-127285tbr,Rolex Land-Dweller 36 127285TBR,"Rolex Land-Dweller 36mm in 18ct Everose Gold, on Flat Jubilee bracelet. In stock at Alpoe London, Hatton Garden.",in_stock,18ct Everose Gold,Diamond,,,36mm,Automatic Cal. 7135,127285TBR,2024,Unworn,Flat Jubilee,,false,Rolex Land-Dweller 36 127285TBR | Alpoe London Hatton Garden,"Rolex Land-Dweller 36 127285TBR — authenticated and in stock at Alpoe London in Hatton Garden, London.",false
w-rolex-127286tbr,watch,Rolex,,Land-Dweller,,rolex-land-dweller-127286tbr,Rolex Land-Dweller 36 127286TBR,"Rolex Land-Dweller 36mm in 950 Platinum, on Flat Jubilee bracelet. In stock at Alpoe London, Hatton Garden.",in_stock,950 Platinum,Diamond,,,36mm,Automatic Cal. 7135,127286TBR,2024,Unworn,Flat Jubilee,,false,Rolex Land-Dweller 36 127286TBR | Alpoe London Hatton Garden,"Rolex Land-Dweller 36 127286TBR — authenticated and in stock at Alpoe London in Hatton Garden, London.",false
w-rolex-127334,watch,Rolex,,Land-Dweller,,rolex-land-dweller-127334,Rolex Land-Dweller 40 127334,"Rolex Land-Dweller 40mm in Oystersteel & 18ct White Gold, on Flat Jubilee bracelet. In stock at Alpoe London, Hatton Garden.",in_stock,Oystersteel & 18ct White Gold,,,,40mm,Automatic Cal. 7135,127334,2024,Unworn,Flat Jubilee,,false,Rolex Land-Dweller 40 127334 | Alpoe London Hatton Garden,"Rolex Land-Dweller 40 127334 — authenticated and in stock at Alpoe London in Hatton Garden, London.",false
w-rolex-127335,watch,Rolex,,Land-Dweller,,rolex-land-dweller-127335,Rolex Land-Dweller 40 127335,"Rolex Land-Dweller 40mm in 18ct Everose Gold, on Flat Jubilee bracelet. In stock at Alpoe London, Hatton Garden.",in_stock,18ct Everose Gold,,,,40mm,Automatic Cal. 7135,127335,2024,Unworn,Flat Jubilee,,false,Rolex Land-Dweller 40 127335 | Alpoe London Hatton Garden,"Rolex Land-Dweller 40 127335 — authenticated and in stock at Alpoe London in Hatton Garden, London.",false
w-rolex-127336,watch,Rolex,,Land-Dweller,,rolex-land-dweller-127336,Rolex Land-Dweller 40 127336,"Rolex Land-Dweller 40mm in 950 Platinum, on Flat Jubilee bracelet. In stock at Alpoe London, Hatton Garden.",in_stock,950 Platinum,,,,40mm,Automatic Cal. 7135,127336,2024,Unworn,Flat Jubilee,,false,Rolex Land-Dweller 40 127336 | Alpoe London Hatton Garden,"Rolex Land-Dweller 40 127336 — authenticated and in stock at Alpoe London in Hatton Garden, London.",false
w-rolex-127385tbr,watch,Rolex,,Land-Dweller,,rolex-land-dweller-127385tbr,Rolex Land-Dweller 40 127385TBR,"Rolex Land-Dweller 40mm in 18ct Everose Gold, on Flat Jubilee bracelet. In stock at Alpoe London, Hatton Garden.",in_stock,18ct Everose Gold,Diamond,,,40mm,Automatic Cal. 7135,127385TBR,2024,Unworn,Flat Jubilee,,false,Rolex Land-Dweller 40 127385TBR | Alpoe London Hatton Garden,"Rolex Land-Dweller 40 127385TBR — authenticated and in stock at Alpoe London in Hatton Garden, London.",false
w-rolex-127386tbr,watch,Rolex,,Land-Dweller,,rolex-land-dweller-127386tbr,Rolex Land-Dweller 40 127386TBR,"Rolex Land-Dweller 40mm in 950 Platinum, on Flat Jubilee bracelet. In stock at Alpoe London, Hatton Garden.",in_stock,950 Platinum,Diamond,,,40mm,Automatic Cal. 7135,127386TBR,2024,Unworn,Flat Jubilee,,false,Rolex Land-Dweller 40 127386TBR | Alpoe London Hatton Garden,"Rolex Land-Dweller 40 127386TBR — authenticated and in stock at Alpoe London in Hatton Garden, London.",false
w-rolex-128235,watch,Rolex,,Day-Date,,rolex-day-date-128235,Rolex Day-Date 36 128235,"Rolex Day-Date 36mm in 18ct Everose Gold, on President bracelet. In stock at Alpoe London, Hatton Garden.",in_stock,18ct Everose Gold,,,,36mm,Automatic Cal. 3255,128235,2024,Unworn,President,,false,Rolex Day-Date 36 128235 | Alpoe London Hatton Garden,"Rolex Day-Date 36 128235 — authenticated and in stock at Alpoe London in Hatton Garden, London.",false
w-rolex-128236,watch,Rolex,,Day-Date,,rolex-day-date-128236,Rolex Day-Date 36 128236,"Rolex Day-Date 36mm in 950 Platinum, on President bracelet. In stock at Alpoe London, Hatton Garden.",in_stock,950 Platinum,,,,36mm,Automatic Cal. 3255,128236,2024,Unworn,President,,false,Rolex Day-Date 36 128236 | Alpoe London Hatton Garden,"Rolex Day-Date 36 128236 — authenticated and in stock at Alpoe London in Hatton Garden, London.",false
w-rolex-128238,watch,Rolex,,Day-Date,,rolex-day-date-128238,Rolex Day-Date 36 128238,"Rolex Day-Date 36mm in 18ct Yellow Gold, on President bracelet. In stock at Alpoe London, Hatton Garden.",in_stock,18ct Yellow Gold,,,,36mm,Automatic Cal. 3255,128238,2024,Unworn,President,,false,Rolex Day-Date 36 128238 | Alpoe London Hatton Garden,"Rolex Day-Date 36 128238 — authenticated and in stock at Alpoe London in Hatton Garden, London.",false
w-rolex-128239,watch,Rolex,,Day-Date,,rolex-day-date-128239,Rolex Day-Date 36 128239,"Rolex Day-Date 36mm in 18ct White Gold, on President bracelet. In stock at Alpoe London, Hatton Garden.",in_stock,18ct White Gold,,,,36mm,Automatic Cal. 3255,128239,2024,Unworn,President,,false,Rolex Day-Date 36 128239 | Alpoe London Hatton Garden,"Rolex Day-Date 36 128239 — authenticated and in stock at Alpoe London in Hatton Garden, London.",false
w-rolex-134300,watch,Rolex,,Oyster Perpetual,,rolex-oyster-perpetual-134300,Rolex Oyster Perpetual 41 134300,"Rolex Oyster Perpetual 41mm in Oystersteel, on Oyster bracelet. In stock at Alpoe London, Hatton Garden.",in_stock,Oystersteel,,,,41mm,Automatic Cal. 3230,134300,2024,Unworn,Oyster,,false,Rolex Oyster Perpetual 41 134300 | Alpoe London Hatton Garden,"Rolex Oyster Perpetual 41 134300 — authenticated and in stock at Alpoe London in Hatton Garden, London.",false
w-rolex-226627,watch,Rolex,,Yacht-Master,,rolex-yacht-master-226627,Rolex Yacht-Master 42 226627,"Rolex Yacht-Master 42 in RLX titanium with bidirectional rotatable bezel. In stock at Alpoe London, Hatton Garden.",in_stock,RLX Titanium,,,,42mm,Automatic Cal. 3235,226627,2024,Unworn,Oyster,/products/rolex/226627/01-yacht-master-42-titanium.webp,false,Rolex Yacht-Master 42 226627 | Alpoe London Hatton Garden,"Rolex Yacht-Master 42 226627 — authenticated and in stock at Alpoe London in Hatton Garden, London.",false
w-rolex-226658,watch,Rolex,,Yacht-Master,,rolex-yacht-master-226658,Rolex Yacht-Master 42 226658,"Rolex Yacht-Master 42 in 18ct yellow gold with matte black Cerachrom bezel on Oysterflex bracelet. In stock at Alpoe London, Hatton Garden.",in_stock,18ct Yellow Gold,,,Black,42mm,Automatic Cal. 3235,226658,2024,Unworn,Oysterflex,/products/rolex/226658/01-yacht-master-42-yellow-gold.webp,false,Rolex Yacht-Master 42 226658 | Alpoe London Hatton Garden,"Rolex Yacht-Master 42 226658 — authenticated and in stock at Alpoe London in Hatton Garden, London.",false
w-rolex-226659,watch,Rolex,,Yacht-Master,,rolex-yacht-master-226659,Rolex Yacht-Master 42 226659,"Rolex Yacht-Master 42 in 18ct white gold with matte black Cerachrom bezel on Oysterflex bracelet. In stock at Alpoe London, Hatton Garden.",in_stock,18ct White Gold,,,Black,42mm,Automatic Cal. 3235,226659,2024,Unworn,Oysterflex,/products/rolex/226659/01-yacht-master-42-blue-dial.webp,false,Rolex Yacht-Master 42 226659 | Alpoe London Hatton Garden,"Rolex Yacht-Master 42 226659 — authenticated and in stock at Alpoe London in Hatton Garden, London.",false
w-rolex-228235,watch,Rolex,,Day-Date,,rolex-day-date-228235,Rolex Day-Date 40 228235,"Rolex Day-Date 40mm in 18ct Everose Gold, on President bracelet. In stock at Alpoe London, Hatton Garden.",in_stock,18ct Everose Gold,,,,40mm,Automatic Cal. 3255,228235,2024,Unworn,President,/products/rolex/228235/01-day-date-40-rose-gold-chocolate-rbr.webp|/products/rolex/228235/02-day-date-40-rose-gold-ombr-rbr.webp|/products/rolex/228235/03-day-date-40-rose-gold-eisenkiesel-rbr.webp|/products/rolex/228235/04-day-date-40-rose-gold-sundust-baguette-rbr.webp|/products/rolex/228235/05-day-date-40-rose-gold-olive-rbr.webp|/products/rolex/228235/06-day-date-40-rose-gold-white-dial.webp|/products/rolex/228235/07-day-date-40-rose-gold-chocolate-motif-rbr.webp,false,Rolex Day-Date 40 228235 | Alpoe London Hatton Garden,"Rolex Day-Date 40 228235 — authenticated and in stock at Alpoe London in Hatton Garden, London.",false
w-rolex-228236,watch,Rolex,,Day-Date,,rolex-day-date-228236,Rolex Day-Date 40 228236,"Rolex Day-Date 40mm in 950 Platinum, on President bracelet. In stock at Alpoe London, Hatton Garden.",in_stock,950 Platinum,,,,40mm,Automatic Cal. 3255,228236,2024,Unworn,President,/products/rolex/228236/01-day-date-40-platinum-smooth-dial.webp|/products/rolex/228236/02-day-date-40-platinum-fluted-dial.webp|/products/rolex/228236/03-day-date-40-platinum-roman-numeral.webp|/products/rolex/228236/04-day-date-40-platinum-baguette-dial.webp|/products/rolex/228236/05-day-date-40-platinum-blue-dial.webp|/products/rolex/228236/06-day-date-40-platinum-green-arabic-tbr.webp|/products/rolex/228236/07-day-date-40-platinum-blue-tbr.webp|/products/rolex/228236/08-day-date-40-platinum-ice-blue-roman.webp|/products/rolex/228236/09-day-date-40-platinum-black-baguette-dial.webp|/products/rolex/228236/10-day-date-40-platinum-ice-blue.webp,false,Rolex Day-Date 40 228236 | Alpoe London Hatton Garden,"Rolex Day-Date 40 228236 — authenticated and in stock at Alpoe London in Hatton Garden, London.",false
w-rolex-228238,watch,Rolex,,Day-Date,,rolex-day-date-228238,Rolex Day-Date 40 228238,"Rolex Day-Date 40mm in 18ct Yellow Gold, on President bracelet. In stock at Alpoe London, Hatton Garden.",in_stock,18ct Yellow Gold,,,,40mm,Automatic Cal. 3255,228238,2024,Unworn,President,/products/rolex/228238/01-day-date-40-yellow-gold-ombr-rbr.webp|/products/rolex/228238/02-day-date-40-yellow-gold-black-rbr.webp|/products/rolex/228238/03-day-date-40-yellow-gold-silver-anniversary-rbr.webp|/products/rolex/228238/04-day-date-40-yellow-gold-onyx-rbr.webp|/products/rolex/228238/05-day-date-40-yellow-gold-champagne-rbr.webp|/products/rolex/228238/06-day-date-40-yellow-gold-green-ombr-rbr.webp,false,Rolex Day-Date 40 228238 | Alpoe London Hatton Garden,"Rolex Day-Date 40 228238 — authenticated and in stock at Alpoe London in Hatton Garden, London.",false
w-rolex-228239,watch,Rolex,,Day-Date,,rolex-day-date-228239,Rolex Day-Date 40 228239,"Rolex Day-Date 40mm in 18ct White Gold, on President bracelet. In stock at Alpoe London, Hatton Garden.",in_stock,18ct White Gold,,,,40mm,Automatic Cal. 3255,228239,2024,Unworn,President,/products/rolex/228239/01-day-date-40-white-gold-olive-rbr.webp|/products/rolex/228239/02-day-date-40-white-gold-blue-dial-rbr.webp|/products/rolex/228239/03-day-date-40-white-gold-meteorite.webp|/products/rolex/228239/04-day-date-40-white-gold-blue-dial.webp|/products/rolex/228239/05-day-date-40-white-gold-olive.webp,false,Rolex Day-Date 40 228239 | Alpoe London Hatton Garden,"Rolex Day-Date 40 228239 — authenticated and in stock at Alpoe London in Hatton Garden, London.",false
w-rolex-228345rbr,watch,Rolex,,Day-Date,,rolex-day-date-228345rbr,Rolex Day-Date 40 228345RBR,"Rolex Day-Date 40mm in 18ct Everose Gold, on President bracelet. In stock at Alpoe London, Hatton Garden.",in_stock,18ct Everose Gold,Diamond,,,40mm,Automatic Cal. 3255,228345RBR,2024,Unworn,President,/products/rolex/228345rbr/01-day-date-40-rose-gold-dd2-rose-gold.webp|/products/rolex/228345rbr/02-day-date-40-rose-gold-dd2-sundust-diamond-dot.webp,false,Rolex Day-Date 40 228345RBR | Alpoe London Hatton Garden,"Rolex Day-Date 40 228345RBR — authenticated and in stock at Alpoe London in Hatton Garden, London.",false
w-rolex-228348rbr,watch,Rolex,,Day-Date,,rolex-day-date-228348rbr,Rolex Day-Date 40 228348RBR,"Rolex Day-Date 40mm in 18ct Yellow Gold, on President bracelet. In stock at Alpoe London, Hatton Garden.",in_stock,18ct Yellow Gold,Diamond,,,40mm,Automatic Cal. 3255,228348RBR,2024,Unworn,President,,false,Rolex Day-Date 40 228348RBR | Alpoe London Hatton Garden,"Rolex Day-Date 40 228348RBR — authenticated and in stock at Alpoe London in Hatton Garden, London.",false
w-rolex-228349rbr,watch,Rolex,,Day-Date,,rolex-day-date-228349rbr,Rolex Day-Date 40 228349RBR,"Rolex Day-Date 40mm in 18ct White Gold, on President bracelet. In stock at Alpoe London, Hatton Garden.",in_stock,18ct White Gold,Diamond,,,40mm,Automatic Cal. 3255,228349RBR,2024,Unworn,President,/products/rolex/228349rbr/01-day-date-40-white-gold-dd2-diamond-dot.webp,false,Rolex Day-Date 40 228349RBR | Alpoe London Hatton Garden,"Rolex Day-Date 40 228349RBR — authenticated and in stock at Alpoe London in Hatton Garden, London.",false
w-rolex-228396tbr,watch,Rolex,,Day-Date,,rolex-day-date-228396tbr,Rolex Day-Date 40 228396TBR,"Rolex Day-Date 40mm in 950 Platinum, on President bracelet. In stock at Alpoe London, Hatton Garden.",in_stock,950 Platinum,Diamond,,,40mm,Automatic Cal. 3255,228396TBR,2024,Unworn,President,,false,Rolex Day-Date 40 228396TBR | Alpoe London Hatton Garden,"Rolex Day-Date 40 228396TBR — authenticated and in stock at Alpoe London in Hatton Garden, London.",false
w-rolex-268622,watch,Rolex,,Yacht-Master,,rolex-yacht-master-268622,Rolex Yacht-Master 37 268622,"Rolex Yacht-Master 37 in Rolesium — Oystersteel case with platinum bezel. In stock at Alpoe London, Hatton Garden.",in_stock,Oystersteel & 950 Platinum,,,,37mm,Automatic Cal. 2236,268622,2024,Unworn,Oyster,/products/rolex/268622/01-yacht-master-37-rhodium.webp,false,Rolex Yacht-Master 37 268622 | Alpoe London Hatton Garden,"Rolex Yacht-Master 37 268622 — authenticated and in stock at Alpoe London in Hatton Garden, London.",false
w-rolex-276200,watch,Rolex,,Oyster Perpetual,,rolex-oyster-perpetual-276200,Rolex Oyster Perpetual 28 276200,"Rolex Oyster Perpetual 28mm in Oystersteel, on Oyster bracelet. In stock at Alpoe London, Hatton Garden.",in_stock,Oystersteel,,,,28mm,Automatic Cal. 2232,276200,2024,Unworn,Oyster,,false,Rolex Oyster Perpetual 28 276200 | Alpoe London Hatton Garden,"Rolex Oyster Perpetual 28 276200 — authenticated and in stock at Alpoe London in Hatton Garden, London.",false
w-rolex-277200,watch,Rolex,,Oyster Perpetual,,rolex-oyster-perpetual-277200,Rolex Oyster Perpetual 31 277200,"Rolex Oyster Perpetual 31mm in Oystersteel, on Oyster bracelet. In stock at Alpoe London, Hatton Garden.",in_stock,Oystersteel,,,,31mm,Automatic Cal. 2232,277200,2024,Unworn,Oyster,,false,Rolex Oyster Perpetual 31 277200 | Alpoe London Hatton Garden,"Rolex Oyster Perpetual 31 277200 — authenticated and in stock at Alpoe London in Hatton Garden, London.",false
w-rolex-278240,watch,Rolex,,Datejust,,rolex-datejust-278240,Rolex Datejust 31 278240,"Rolex Datejust 31mm in Oystersteel, on Oyster bracelet. In stock at Alpoe London, Hatton Garden.",in_stock,Oystersteel,,,,31mm,Automatic Cal. 2236,278240,2024,Unworn,Oyster,,false,Rolex Datejust 31 278240 | Alpoe London Hatton Garden,"Rolex Datejust 31 278240 — authenticated and in stock at Alpoe London in Hatton Garden, London.",false
w-rolex-278271,watch,Rolex,,Datejust,,rolex-datejust-278271,Rolex Datejust 31 278271,"Rolex Datejust 31mm in Oystersteel & 18ct Everose Gold, available on Jubilee or Oyster bracelet. In stock at Alpoe London, Hatton Garden.",in_stock,Oystersteel & 18ct Everose Gold,,,,31mm,Automatic Cal. 2236,278271,2024,Unworn,Jubilee|Oyster,/products/rolex/278271/01-datejust-31-steel-rose-mop.webp|/products/rolex/278271/02-datejust-31-steel-rose-diamond-dot.webp|/products/rolex/278271/03-datejust-31-steel-rose-pink-mop.webp|/products/rolex/278271/04-datejust-31-steel-rose-chocolate.webp,false,Rolex Datejust 31 278271 | Alpoe London Hatton Garden,"Rolex Datejust 31 278271 — authenticated and in stock at Alpoe London in Hatton Garden, London.",false
w-rolex-278273,watch,Rolex,,Datejust,,rolex-datejust-278273,Rolex Datejust 31 278273,"Rolex Datejust 31mm in Oystersteel & 18ct Yellow Gold, available on Jubilee or Oyster bracelet. In stock at Alpoe London, Hatton Garden.",in_stock,Oystersteel & 18ct Yellow Gold,,,,31mm,Automatic Cal. 2236,278273,2024,Unworn,Jubilee|Oyster,/products/rolex/278273/01-datejust-31-steel-yellow-gold-champagne.webp|/products/rolex/278273/02-datejust-31-steel-yellow-gold-diamond-dot.webp,false,Rolex Datejust 31 278273 | Alpoe London Hatton Garden,"Rolex Datejust 31 278273 — authenticated and in stock at Alpoe London in Hatton Garden, London.",false
w-rolex-278274,watch,Rolex,,Datejust,,rolex-datejust-278274,Rolex Datejust 31 278274,"Rolex Datejust 31mm in Oystersteel & 18ct White Gold, available on Jubilee or Oyster bracelet. In stock at Alpoe London, Hatton Garden.",in_stock,Oystersteel & 18ct White Gold,,,,31mm,Automatic Cal. 2236,278274,2024,Unworn,Jubilee|Oyster,/products/rolex/278274/01-datejust-31-aubergine.webp|/products/rolex/278274/02-datejust-31-champagne-dial.webp|/products/rolex/278274/03-datejust-31-mop-dial.webp|/products/rolex/278274/04-datejust-31-silver-dial.webp|/products/rolex/278274/05-datejust-31-roman-dial.webp,false,Rolex Datejust 31 278274 | Alpoe London Hatton Garden,"Rolex Datejust 31 278274 — authenticated and in stock at Alpoe London in Hatton Garden, London.",false
w-rolex-279160,watch,Rolex,,Lady-Datejust,,rolex-lady-datejust-279160,Rolex Lady-Datejust 28 279160,"Rolex Lady-Datejust 28mm in Oystersteel, on Oyster bracelet. In stock at Alpoe London, Hatton Garden.",in_stock,Oystersteel,,,,28mm,Automatic Cal. 2236,279160,2024,Unworn,Oyster,,false,Rolex Lady-Datejust 28 279160 | Alpoe London Hatton Garden,"Rolex Lady-Datejust 28 279160 — authenticated and in stock at Alpoe London in Hatton Garden, London.",false
w-rolex-279171,watch,Rolex,,Lady-Datejust,,rolex-lady-datejust-279171,Rolex Lady-Datejust 28 279171,"Rolex Lady-Datejust 28mm in Oystersteel & 18ct Everose Gold, available on Jubilee or Oyster bracelet. In stock at Alpoe London, Hatton Garden.",in_stock,Oystersteel & 18ct Everose Gold,,,,28mm,Automatic Cal. 2236,279171,2024,Unworn,Jubilee|Oyster,/products/rolex/279171/01-datejust-28-steel-rose-mop.webp,false,Rolex Lady-Datejust 28 279171 | Alpoe London Hatton Garden,"Rolex Lady-Datejust 28 279171 — authenticated and in stock at Alpoe London in Hatton Garden, London.",false
w-rolex-279173,watch,Rolex,,Lady-Datejust,,rolex-lady-datejust-279173,Rolex Lady-Datejust 28 279173,"Rolex Lady-Datejust 28mm in Oystersteel & 18ct Yellow Gold, available on Jubilee or Oyster bracelet. In stock at Alpoe London, Hatton Garden.",in_stock,Oystersteel & 18ct Yellow Gold,,,,28mm,Automatic Cal. 2236,279173,2024,Unworn,Jubilee|Oyster,,false,Rolex Lady-Datejust 28 279173 | Alpoe London Hatton Garden,"Rolex Lady-Datejust 28 279173 — authenticated and in stock at Alpoe London in Hatton Garden, London.",false
w-rolex-279174,watch,Rolex,,Lady-Datejust,,rolex-lady-datejust-279174,Rolex Lady-Datejust 28 279174,"Rolex Lady-Datejust 28mm in Oystersteel & 18ct White Gold, available on Jubilee or Oyster bracelet. In stock at Alpoe London, Hatton Garden.",in_stock,Oystersteel & 18ct White Gold,,,,28mm,Automatic Cal. 2236,279174,2024,Unworn,Jubilee|Oyster,/products/rolex/279174/01-datejust-28-silver-dial.webp|/products/rolex/279174/02-datejust-28-diamond-dot.webp,false,Rolex Lady-Datejust 28 279174 | Alpoe London Hatton Garden,"Rolex Lady-Datejust 28 279174 — authenticated and in stock at Alpoe London in Hatton Garden, London.",false
w-rolex-279178,watch,Rolex,,Lady-Datejust,,rolex-lady-datejust-279178,Rolex Lady-Datejust 28 279178,"Rolex Lady-Datejust 28 in solid 18ct yellow gold with fluted bezel on President bracelet. In stock at Alpoe London, Hatton Garden.",in_stock,18ct Yellow Gold,,,,28mm,Automatic Cal. 2236,279178,2024,Unworn,President,/products/rolex/279178/01-datejust-26-yellow-gold-champagne.webp|/products/rolex/279178/02-datejust-26-yellow-gold-diamond-dot.webp,false,Rolex Lady-Datejust 28 279178 | Alpoe London Hatton Garden,"Rolex Lady-Datejust 28 279178 — authenticated and in stock at Alpoe London in Hatton Garden, London.",false
w-rolex-336235,watch,Rolex,,Sky-Dweller,,rolex-sky-dweller-336235,Rolex Sky-Dweller 42 336235,"Rolex Sky-Dweller in solid 18ct Everose gold on Oysterflex bracelet with Ring Command bezel. In stock at Alpoe London, Hatton Garden.",in_stock,18ct Everose Gold,,,,42mm,Automatic Cal. 9002,336235,2024,Unworn,Oysterflex,/products/rolex/336235/01-sky-dweller-rose-gold-oysterflex-chocolate-white.webp,false,Rolex Sky-Dweller 42 336235 | Alpoe London Hatton Garden,"Rolex Sky-Dweller 42 336235 — authenticated and in stock at Alpoe London in Hatton Garden, London.",false
w-rolex-336239,watch,Rolex,,Sky-Dweller,,rolex-sky-dweller-336239,Rolex Sky-Dweller 42 336239,"Rolex Sky-Dweller 42mm in 18ct White Gold, on Oyster bracelet. In stock at Alpoe London, Hatton Garden.",in_stock,18ct White Gold,,,,42mm,Automatic Cal. 9002,336239,2024,Unworn,Oyster,/products/rolex/336239/01-sky-dweller-oysterflex-black-dial.webp,false,Rolex Sky-Dweller 42 336239 | Alpoe London Hatton Garden,"Rolex Sky-Dweller 42 336239 — authenticated and in stock at Alpoe London in Hatton Garden, London.",false
w-rolex-336933,watch,Rolex,,Sky-Dweller,,rolex-sky-dweller-336933,Rolex Sky-Dweller 42 336933,"Rolex Sky-Dweller 42mm in Oystersteel & 18ct Yellow Gold, available on Oyster or Jubilee bracelet. In stock at Alpoe London, Hatton Garden.",in_stock,Oystersteel & 18ct Yellow Gold,,,,42mm,Automatic Cal. 9002,336933,2024,Unworn,Oyster|Jubilee,/products/rolex/336933/01-sky-dweller-steel-gold-black-dial.webp|/products/rolex/336933/02-sky-dweller-steel-gold-champagne.webp,false,Rolex Sky-Dweller 42 336933 | Alpoe London Hatton Garden,"Rolex Sky-Dweller 42 336933 — authenticated and in stock at Alpoe London in Hatton Garden, London.",false
w-rolex-336934,watch,Rolex,,Sky-Dweller,,rolex-sky-dweller-336934,Rolex Sky-Dweller 42 336934,"Rolex Sky-Dweller 42mm in Oystersteel & 18ct White Gold, available on Oyster or Jubilee bracelet. In stock at Alpoe London, Hatton Garden.",in_stock,Oystersteel & 18ct White Gold,,,,42mm,Automatic Cal. 9002,336934,2024,Unworn,Oyster|Jubilee,/products/rolex/336934/01-sky-dweller-blue-dial-oyster.webp|/products/rolex/336934/02-sky-dweller-blue-dial-jubilee.webp|/products/rolex/336934/03-sky-dweller-mint-green-oyster.webp|/products/rolex/336934/04-sky-dweller-black-oyster.webp|/products/rolex/336934/05-sky-dweller-white-oyster.webp|/products/rolex/336934/06-sky-dweller-mint-green-jubilee.webp,false,Rolex Sky-Dweller 42 336934 | Alpoe London Hatton Garden,"Rolex Sky-Dweller 42 336934 — authenticated and in stock at Alpoe London in Hatton Garden, London.",false
w-rolex-336935,watch,Rolex,,Sky-Dweller,,rolex-sky-dweller-336935,Rolex Sky-Dweller 42 336935,"Rolex Sky-Dweller 42mm in 18ct Everose Gold, available on Oyster, Jubilee or Oysterflex bracelet. In stock at Alpoe London, Hatton Garden.",in_stock,18ct Everose Gold,,,,42mm,Automatic Cal. 9002,336935,2024,Unworn,Oyster|Jubilee|Oysterflex,/products/rolex/336935/01-sky-dweller-rose-gold-chocolate.webp|/products/rolex/336935/02-sky-dweller-rose-gold-sundust.webp,false,Rolex Sky-Dweller 42 336935 | Alpoe London Hatton Garden,"Rolex Sky-Dweller 42 336935 — authenticated and in stock at Alpoe London in Hatton Garden, London.",false
w-rolex-336938,watch,Rolex,,Sky-Dweller,,rolex-sky-dweller-336938,Rolex Sky-Dweller 42 336938,"Rolex Sky-Dweller 42mm in 18ct Yellow Gold, available on Oyster or Jubilee bracelet. In stock at Alpoe London, Hatton Garden.",in_stock,18ct Yellow Gold,,,,42mm,Automatic Cal. 9002,336938,2024,Unworn,Oyster|Jubilee,/products/rolex/336938/01-sky-dweller-yellow-gold-green-dial.webp|/products/rolex/336938/02-sky-dweller-yellow-gold-black-dial.webp,false,Rolex Sky-Dweller 42 336938 | Alpoe London Hatton Garden,"Rolex Sky-Dweller 42 336938 — authenticated and in stock at Alpoe London in Hatton Garden, London.",false
w-patek-5711-1a,watch,Patek Philippe,,Nautilus,,patek-philippe-nautilus-5711-1a-010,Patek Philippe Nautilus 5711/1A-010,The Nautilus 5711/1A in stainless steel with blue embossed dial. Discontinued reference — sourced on request.,in_stock,Stainless steel,,,Blue embossed,40mm,Automatic Cal. 26-330 S C,5711/1A-010,2019,Pre-owned,,,true,,,true
w-ap-royal-oak-15500st,watch,Audemars Piguet,,Royal Oak,,audemars-piguet-royal-oak-15500st-blue,Audemars Piguet Royal Oak 15500ST Blue,Audemars Piguet Royal Oak Selfwinding 41mm in stainless steel with blue Grande Tapisserie dial.,in_stock,Stainless steel,,,Blue Grande Tapisserie,41mm,Automatic Cal. 4302,15500ST.OO.1220ST.03,2022,Unworn,,,true,,,true
w-rm-rm011,watch,Richard Mille,,RM 011,,richard-mille-rm-011-felipe-massa,Richard Mille RM 011 Felipe Massa Flyback Chronograph,Richard Mille RM 011 Flyback Chronograph. Price and availability confirmed on enquiry.,in_stock,Titanium & Carbon TPT,,,Skeleton,50mm,Automatic RMAC1,RM 011,2021,Pre-owned,,,false,,,true
w-cartier-santos-wssa0018,watch,Cartier,,Santos,,cartier-santos-wssa0018,Cartier Santos de Cartier WSSA0018,Cartier Santos de Cartier in stainless steel with silver opaline dial.,in_stock,Stainless steel,,,Silver opaline,39.8mm,Automatic Cal. 1847 MC,WSSA0018,2023,Unworn,,,false,,,true
w-hublot-bigbang-301sx,watch,Hublot,,Big Bang,,hublot-big-bang-301-sx-130-rx,Hublot Big Bang 301.SX.130.RX,Hublot Big Bang Original Steel 44mm chronograph with black dial.,in_stock,Stainless steel & rubber,,,Black,44mm,Automatic Cal. HUB4100,301.SX.130.RX,2021,Pre-owned,,,false,,,true
w-omega-speedy-31030,watch,Omega,,Speedmaster,Moonwatch,omega-speedmaster-moonwatch-310-30-42-50-01-001,Omega Speedmaster Moonwatch Professional 310.30.42.50.01.001,Omega Speedmaster Moonwatch Professional with Hesalite crystal — the watch worn on the Moon.,in_stock,Stainless steel,,,Black,42mm,Manual Cal. 3861,310.30.42.50.01.001,2022,Unworn,,,false,,,true
w-breitling-navitimer-ab0138,watch,Breitling,,Navitimer,,breitling-navitimer-b01-chronograph-43-ab0138,Breitling Navitimer B01 Chronograph 43 AB0138,Breitling Navitimer B01 Chronograph 43mm in stainless steel with blue dial.,in_stock,Stainless steel,,,Blue,43mm,Automatic Cal. B01,AB0138241C1P1,2023,Unworn,,,false,,,true
j-eng-solitaire-2ct,jewellery,,Engagement Rings,,,round-brilliant-solitaire-2ct-platinum,Round Brilliant 2ct Solitaire Engagement Ring in Platinum,Classic six-claw solitaire engagement ring set with a GIA-certified 2ct round brilliant diamond in platinum.,in_stock,Platinum,Diamond,2.00ct,,,,ALP-ENG-001,,New,,,true,,,true
j-eng-oval-halo-1-5,jewellery,,Engagement Rings,,,oval-halo-1-5ct-platinum,Oval Diamond Halo Engagement Ring 1.5ct in Platinum,1.5ct oval diamond centre stone surrounded by a halo of pavé diamonds on a platinum band.,in_stock,Platinum,Diamond,1.50ct centre,,,,ALP-ENG-002,,New,,,true,,,true
j-wed-court-4mm-plat,jewellery,,Wedding Rings & Bands,,,court-wedding-band-4mm-platinum,Court Profile Wedding Band 4mm Platinum,Classic court-profile wedding band in solid platinum. Available in 2mm–6mm widths.,in_stock,Platinum,,,,,,ALP-WED-001,,New,,,false,,,true
j-wed-diamond-eternity-plat,jewellery,,Wedding Rings & Bands,,,diamond-full-eternity-platinum,Diamond Full Eternity Wedding Band Platinum,Claw-set full eternity wedding band in platinum with round brilliant diamonds.,in_stock,Platinum,Diamond,1.50ct total,,,,ALP-WED-002,,New,,,true,,,true
j-mens-cuban-18ct-8mm,jewellery,,Men's Jewellery,,,8mm-cuban-link-chain-18ct-yellow-gold,8mm Cuban Link Chain in 18ct Yellow Gold,Hand-made 8mm Cuban link chain in solid 18ct yellow gold. Available in 20–30 inch lengths.,in_stock,18ct Yellow Gold,,,,,,ALP-MNS-001,,New,,,true,,,true
j-mens-signet-onyx,jewellery,,Men's Jewellery,,,onyx-signet-ring-18ct-yellow-gold,Onyx Signet Ring in 18ct Yellow Gold,Traditional oval signet ring with black onyx stone in 18ct yellow gold. Hand-engraving available on request.,in_stock,18ct Yellow Gold,Onyx,,,,,ALP-MNS-002,,New,,,false,,,true
j-brac-tennis-5ct-18wg,jewellery,,Bracelets,,,diamond-tennis-bracelet-5ct-18ct-white-gold,5ct Diamond Tennis Bracelet in 18ct White Gold,Four-claw set diamond tennis bracelet totalling 5ct of round brilliant diamonds in 18ct white gold.,in_stock,18ct White Gold,Diamond,5.00ct total,,,,ALP-BRA-001,,New,,,true,,,true
j-ear-stud-2ct-plat,jewellery,,Earrings,,,diamond-stud-earrings-2ct-platinum,2ct Diamond Stud Earrings in Platinum,Pair of GIA-certified round brilliant diamond stud earrings totalling 2ct in platinum settings.,in_stock,Platinum,Diamond,2.00ct total,,,,ALP-EAR-001,,New,,,true,,,true
j-ear-hoop-diamond-18wg,jewellery,,Earrings,,,diamond-hoop-earrings-18ct-white-gold,Diamond Hoop Earrings in 18ct White Gold,Inside-out diamond hoop earrings in 18ct white gold.,in_stock,18ct White Gold,Diamond,1.50ct total,,,,ALP-EAR-002,,New,,,false,,,true
j-neck-ice-pendant,jewellery,,Necklaces & Pendants,,,bespoke-ice-pendant-18ct-white-gold,Bespoke Ice Pendant in 18ct White Gold,"Signature bespoke ice pendant in 18ct white gold, pavé set with round brilliant diamonds.",in_stock,18ct White Gold,Diamond,10.00ct total,,,,ALP-NEC-001,,New,,,true,,,true
j-neck-cuban-10mm-18yg,jewellery,,Necklaces & Pendants,,,10mm-cuban-chain-18ct-yellow-gold,10mm Cuban Link Necklace in 18ct Yellow Gold,Hand-finished 10mm Cuban link chain necklace in 18ct yellow gold.,in_stock,18ct Yellow Gold,,,,,,ALP-NEC-002,,New,,,false,,,true
j-ring-eternity-diamond,jewellery,,Rings,,,half-eternity-diamond-ring-platinum,Half Eternity Diamond Ring in Platinum,Half-eternity claw-set diamond ring in platinum. Available in 1ct–3ct total.,in_stock,Platinum,Diamond,1.50ct total,,,,ALP-RNG-001,,New,,,false,,,true
j-ring-statement-emerald,jewellery,,Rings,,,emerald-cocktail-ring-18ct-yellow-gold,Emerald Cocktail Ring in 18ct Yellow Gold,Statement cocktail ring featuring an oval emerald centre stone surrounded by round brilliant diamonds in 18ct yellow gold.,in_stock,18ct Yellow Gold,Emerald & Diamond,3.00ct emerald,,,,ALP-RNG-002,,New,,,true,,,true
w-ap-15510st-oo-1320st-06,watch,Audemars Piguet,,Royal Oak,,audemars-piguet-royal-oak-selfwinding-41-15510st,Audemars Piguet Royal Oak Selfwinding 41 15510ST,"Audemars Piguet Royal Oak Selfwinding 41mm in stainless steel, blue Grande Tapisserie dial, on the integrated steel bracelet. In stock at Alpoe London, Hatton Garden.",in_stock,Stainless Steel,,,Blue,41mm,Automatic Cal. 4302,15510ST.OO.1320ST.06,,,,/products/audemars-piguet/15510st-oo-1320st-06/01-royal-oak-selfwinding-41mm-blue-dial.webp,true,Audemars Piguet Royal Oak Selfwinding 41 15510ST | Alpoe London Hatton Garden,"Audemars Piguet Royal Oak Selfwinding 41 15510ST — authenticated and in stock at Alpoe London in Hatton Garden, London.",false
w-ap-16202st-oo-1240st-02,watch,Audemars Piguet,,Royal Oak,Jumbo,audemars-piguet-royal-oak-jumbo-extra-thin-39-16202st,Audemars Piguet Royal Oak Jumbo Extra-Thin 39 16202ST,"The Royal Oak Extra-Thin 39mm in stainless steel — the Jumbo, in the shape Gerald Genta drew in 1972. In stock at Alpoe London, Hatton Garden.",in_stock,Stainless Steel,,,Blue,39mm,Automatic Cal. 7121,16202ST.OO.1240ST.02,,,,/products/audemars-piguet/16202st-oo-1240st-02/01-royal-oak-jumbo-extra-thin-39mm-steel-blue.webp,true,Audemars Piguet Royal Oak Jumbo Extra-Thin 39 16202ST | Alpoe London Hatton Garden,"Audemars Piguet Royal Oak Jumbo Extra-Thin 39 16202ST — authenticated and in stock at Alpoe London in Hatton Garden, London.",false
w-cartier-wssa0062,watch,Cartier,,Santos de Cartier,,cartier-santos-de-cartier-large-wssa0062,Cartier Santos de Cartier Large WSSA0062,"Cartier Santos de Cartier, large model, in stainless steel with the graduated green sunray dial, on the SmartLink steel bracelet. In stock at Alpoe London, Hatton Garden.",in_stock,Stainless Steel,,,Green,39.8mm,Automatic Cal. 1847 MC,WSSA0062,,,,/products/cartier/wssa0062/01-santos-de-cartier-large-steel-green-dial.webp,true,Cartier Santos de Cartier Large WSSA0062 | Alpoe London Hatton Garden,"Cartier Santos de Cartier Large WSSA0062 — authenticated and in stock at Alpoe London in Hatton Garden, London.",false
w-cartier-wsta0083,watch,Cartier,,Tank Américaine,,cartier-tank-americaine-large-wsta0083,Cartier Tank Américaine Large WSTA0083,"The Large-model Tank Américaine in stainless steel — the elongated, curved Tank Cartier redrew in 2023 — with a silvered satin-brushed dial and blued sword hands on a navy alligator strap. In stock at Alpoe London, Hatton Garden.",in_stock,Stainless Steel,,,Silvered,44.4mm x 24.4mm,Automatic,WSTA0083,,,,/products/cartier/wsta0083/01-tank-americaine-large-automatic-steel.webp,true,Cartier Tank Américaine Large WSTA0083 | Alpoe London Hatton Garden,"Cartier Tank Américaine Large WSTA0083 — authenticated and in stock at Alpoe London in Hatton Garden, London.",false
w-patek-5811-1g-001,watch,Patek Philippe,,Nautilus,,patek-philippe-nautilus-5811-1g-001,Patek Philippe Nautilus 5811/1G-001,"The Nautilus 5811 in 18ct white gold with the blue gradient dial and integrated bracelet — the reference that followed the 5711. In stock at Alpoe London, Hatton Garden.",in_stock,18ct White Gold,,,Blue,41mm,Automatic Cal. 26-330 S C,5811/1G-001,,,,/products/patek-philippe/5811-1g-001/01-nautilus-5811-white-gold-blue-dial.webp,true,Patek Philippe Nautilus 5811/1G-001 | Alpoe London Hatton Garden,"Patek Philippe Nautilus 5811/1G-001 — authenticated and in stock at Alpoe London in Hatton Garden, London.",false
w-patek-5167a-001,watch,Patek Philippe,,Aquanaut,,patek-philippe-aquanaut-5167a-001,Patek Philippe Aquanaut 5167A-001,"Aquanaut 5167A in stainless steel with the black embossed dial and composite strap. In stock at Alpoe London, Hatton Garden.",in_stock,Stainless Steel,,,Black,40mm,Automatic Cal. 324 S C,5167A-001,,,,/products/patek-philippe/5167a-001/01-aquanaut-5167-steel-black-dial.webp,true,Patek Philippe Aquanaut 5167A-001 | Alpoe London Hatton Garden,"Patek Philippe Aquanaut 5167A-001 — authenticated and in stock at Alpoe London in Hatton Garden, London.",false
w-rm-35-03,watch,Richard Mille,,RM 35-03,,richard-mille-rm-35-03,Richard Mille RM 35-03 Automatic Rafael Nadal,"The RM 35-03, built around the butterfly rotor Richard Mille developed with Rafael Nadal. Sourced and fully authenticated by Alpoe London in Hatton Garden.",in_stock,,,,,,Automatic,RM 35-03,,,,/products/richard-mille/rm-35-03/01-rafael-nadal.webp,true,Richard Mille RM 35-03 Automatic Rafael Nadal | Alpoe London Hatton Garden,"Richard Mille RM 35-03 Automatic Rafael Nadal — authenticated and in stock at Alpoe London in Hatton Garden, London.",false
w-rm-67-02,watch,Richard Mille,,RM 67-02,,richard-mille-rm-67-02,Richard Mille RM 67-02 Extra Flat Automatic,"The RM 67-02 Extra Flat Automatic, the case Richard Mille built to be worn under a sleeve and run a marathon in. Sourced and fully authenticated by Alpoe London in Hatton Garden.",in_stock,,,,,,Automatic,RM 67-02,,,,/products/richard-mille/rm-67-02/01-extra-flat-automatic.webp,true,Richard Mille RM 67-02 Extra Flat Automatic | Alpoe London Hatton Garden,"Richard Mille RM 67-02 Extra Flat Automatic — authenticated and in stock at Alpoe London in Hatton Garden, London.",false
