# Pins one photo to one configuration, for references the sheet lists more than once.
#
# brand-slug	reference	variant	filename
#
# "variant" must match the sheet's "Variant / Name" cell (folded to lowercase and
# hyphens, so punctuation and spacing don't matter). "filename" is a file already
# inside public/products/<brand>/<reference>/ — gen-image-manifest.mjs warns and
# skips the row if it isn't.
#
# A listing on a shared reference with no row here shows NO photo and drops to the
# enquiry list. That is deliberate: showing another variant's dial is worse.
#
# Every pin below was set by opening the image and matching it to the variant.

# GMT-Master II — the pairs differ only by bracelet. Note vtnr is ordered the
# opposite way round to blnr/grnr, so these are not derivable from file order.
rolex	126710BLNR	Batman – Jubilee	01-gmt-master-ii-batgirl-jubilee.webp
rolex	126710BLNR	Batgirl – Oyster	02-gmt-master-ii-batman-oyster.webp
rolex	126710BLRO	Pepsi – Jubilee	01-gmt-master-ii-pepsi-jubilee.webp
rolex	126710BLRO	Pepsi – Oyster	02-gmt-master-ii-pepsi-oyster.webp
rolex	126720VTNR	Sprite – Oyster	01-gmt-master-ii-sprite-oyster.webp
rolex	126720VTNR	Sprite – Jubilee	02-gmt-master-ii-sprite-jubilee.webp
rolex	126710GRNR	Bruce Wayne – Jubilee	01-gmt-master-ii-bruce-wayne-jubilee.webp
rolex	126710GRNR	Bruce Wayne – Oyster	02-gmt-master-ii-bruce-wayne-oyster.webp
rolex	126719BLRO	White Gold Pepsi – Meteorite Dial	01-gmt-master-ii-white-gold-pepsi-meteorite-dial.webp
rolex	126719BLRO	White Gold Pepsi – Blue Dial	02-gmt-master-ii-white-gold-pepsi-blue-dial.webp

# Daytona
rolex	126500LN	Panda	01-daytona-panda.webp
rolex	126500LN	Reverse Panda	02-daytona-reverse-panda.webp
rolex	126503	Steel & Gold – Black Dial	02-daytona-steel-gold-black-dial.webp
rolex	126505	Rose Gold – Black Dial	01-daytona-rose-gold-black-dial.webp
rolex	126506	Platinum – Blue Dial	01-daytona-platinum-blue-dial.webp
rolex	126506	Platinum – Baguette Blue Dial	02-daytona-platinum-baguette-blue-dial.webp
rolex	126509	White Gold – Reverse Panda	01-daytona-white-gold-panda.webp
rolex	126509	White Gold – Panda	03-daytona-white-gold-le-mans-100th-anniversary.webp
rolex	126508	Yellow Gold – White Dial	01-daytona-yellow-gold-john-mayer-2-0.webp

# Sky-Dweller
rolex	336933	Steel & Gold – Champagne	01-sky-dweller-steel-gold-black-dial.webp
rolex	336938	Yellow Gold – Black Dial	02-sky-dweller-yellow-gold-black-dial.webp

# Datejust 41
rolex	126334	Silver	02-datejust-41-wimbledon-jubilee-fluted.webp
rolex	126334	White	05-datejust-41-champagne.webp

# Photos present but matching NO listing we carry, and listings with no photo:
#   336933/2 champagne on Jubilee (dup dial)  ·  336933 "Black Dial" has no photo
#   336938/1 champagne  ·  336938 "Green Dial" has no photo
#   126334/3,/4 rhodium WITH diamond markers — our "Grey Rhodium" row implies plain,
#     and rows that do carry stones say so ("MOP Diamond"), so left unpinned
#   126503/1  white dial      — our only pale listing is "Champagne Dial"; not the same colour
#   126505/2  black + diamond dots  ·  126505/3 sundust w/ baton (listing wants baguette)
#   126508/2  black racing    ·  126508/3 black + diamond dots
#   126509/2  black + diamond ·  126509/4 blue dial
# Unmatched listings: 126505 Chocolate, Sundust Baguette · 126508 John Mayer, Pikachu
#   · 126509 Le Mans 100th, Tahitian · 126503 Champagne

# ── Added 22 Aug 2026 ──────────────────────────────────────────────────────────
# Every pin below was set from rolex.com's own page for the configuration code in the trailing
# comment (the code is what data/image-sources/rolex.tsv fetches), matched on Rolex's dial and
# bracelet wording. 57 Jewellers — where this render set was first taken from — labels many of the
# same codes differently (their 'Mint Green' 126300 is Rolex's white dial; their 'White Dial' 228235
# is a black one), so their catalogue was NOT used as a source for these.
#
# Sheet rows still without a photo because Rolex publishes no such configuration in this set:
#   126300 Silver (0004 is on Jubilee), Green · 126331 all six (0001 is plain chocolate on Oyster)
#   126333 all five (0001 is silver) · 126334 Wimbledon, Mint Green, Champagne, Palm Motif, MOP, MOP Diamond,
#   Champagne Diamond Dot, Azzurro ×3, Ombré, Olive Green, Motif Roman, Meteorite · 126503 Champagne
#   126505 Chocolate, Sundust Baguette · 126508 John Mayer, Pikachu · 126509 Le Mans, Tahitian
#   126519LN Ghost ×2, Pikachu · 228235 White Dial, Chocolate Motif · 228236 Smooth, Fluted, Roman, Ice Blue Roman
#   228238 Ombré, Silver Anniversary, Onyx, Green Ombré · 228239 Olive RBR, Blue RBR, Meteorite
#   228345RBR Sundust Diamond Dot · 336933 Black Dial · 336935 Sundust · 336938 Green Dial

# 126300
rolex	126300	Black – Oyster Smooth	07-datejust-41-smooth-custom-blue-arabic.webp
rolex	126300	Blue – Oyster Smooth	01-datejust-41-smooth-blue-dial.webp
rolex	126300	Bright Blue – Oyster	01-datejust-41-smooth-blue-dial.webp
rolex	126300	Slate – Oyster	05-datejust-41-smooth-black-oyster.webp
rolex	126300	Dark Rhodium – Oyster	05-datejust-41-smooth-black-oyster.webp

# 126334
rolex	126334	Blue Dial – Fluted	01-datejust-41-blue-dial-fluted.webp
rolex	126334	Black	13-datejust-41-slate.webp
rolex	126334	Black Fluted	14-datejust-41-silver.webp
rolex	126334	Slate	09-datejust-41-mop-diamond.webp
rolex	126334	Grey Rhodium	10-datejust-41-mint-green-jubilee.webp

# 126610LV
rolex	126610LV	Starbucks (GMT filter)	01-submariner-date-starbucks.webp

# 126519LN
rolex	126519LN	Oysterflex – Black	01-daytona-oysterflex-black.webp

# 228235
rolex	228235	Rose Gold – Olive RBR	05-day-date-40-rose-gold-olive-rbr.webp
rolex	228235	Rose Gold – Chocolate RBR	03-day-date-40-rose-gold-eisenkiesel-rbr.webp
rolex	228235	Rose Gold – Ombré RBR	07-day-date-40-rose-gold-chocolate-motif-rbr.webp
rolex	228235	Rose Gold – Eisenkiesel RBR	06-day-date-40-rose-gold-white-dial.webp
rolex	228235	Rose Gold – Sundust Baguette RBR	04-day-date-40-rose-gold-sundust-baguette-rbr.webp

# 228236
rolex	228236	Platinum – Ice Blue	10-day-date-40-platinum-ice-blue.webp
rolex	228236	Platinum – Blue Dial	05-day-date-40-platinum-blue-dial.webp
rolex	228236	Platinum – Green Arabic TBR	06-day-date-40-platinum-green-arabic-tbr.webp
rolex	228236	Platinum – Blue TBR	07-day-date-40-platinum-blue-tbr.webp
rolex	228236	Platinum – Baguette Dial	04-day-date-40-platinum-baguette-dial.webp
rolex	228236	Platinum – Black Baguette	03-day-date-40-platinum-roman-numeral.webp

# 228238
rolex	228238	Yellow Gold – Black RBR	03-day-date-40-yellow-gold-silver-anniversary-rbr.webp
rolex	228238	Yellow Gold – Champagne RBR	04-day-date-40-yellow-gold-onyx-rbr.webp

# 228239
rolex	228239	White Gold – Olive	05-day-date-40-white-gold-olive.webp
rolex	228239	White Gold – Blue Dial	04-day-date-40-white-gold-blue-dial.webp

# 228345RBR
rolex	228345RBR	Rose Gold – DD2	01-day-date-40-rose-gold-dd2-rose-gold.webp

# 336934
rolex	336934	Blue Dial – Oyster	05-sky-dweller-white-oyster.webp
rolex	336934	Blue Dial – Jubilee	06-sky-dweller-mint-green-jubilee.webp
rolex	336934	Mint Green – Oyster	01-sky-dweller-blue-dial-oyster.webp
rolex	336934	Mint Green – Jubilee	02-sky-dweller-blue-dial-jubilee.webp
rolex	336934	White – Oyster	03-sky-dweller-mint-green-oyster.webp

# 336935
rolex	336935	Rose Gold – Chocolate	02-sky-dweller-rose-gold-sundust.webp

# Datejust 36 126234 — data/catalogue-extra.csv rows, named from rolex.com's own dial/bracelet wording.
rolex	126234	Bright Black – Jubilee	03-datejust-36-wimbledon.webp
rolex	126234	Bright Blue – Jubilee	05-datejust-36-mint-green-dial.webp
rolex	126234	Silver – Jubilee	01-datejust-36-champagne-diamond-dot.webp
rolex	126234	Silver – Oyster	02-datejust-36-mop.webp
rolex	126234	Bright Black – Oyster	04-datejust-36-motif-dial.webp
rolex	126234	Bright Blue – Oyster	06-datejust-36-blue-motif-dial.webp
rolex	126234	Mother of Pearl Diamond – Jubilee	07-datejust-36-white-diamond-dot.webp
rolex	126234	Mother of Pearl Diamond – Oyster	08-datejust-36-black-motif-dial.webp
rolex	126234	Aubergine Roman Diamond – Jubilee	09-datejust-36-chocolate-diamond-dot.webp
rolex	126234	Aubergine Roman Diamond – Oyster	10-datejust-36-silver-roman.webp
